Категория,Название,Остаток,Цена,Артикул,Компания,Откуда,Объем
Штукатурки,Штукатурка MARMOR.NAT.FINE P/B.CO   KG. 1,Остаток Алматы: 6 шт,6 600 KZT,LMF000000T,Oikos,Италия,1 кг
Штукатурки,Штукатурка RASAT.ALLA CALCE FINE    KG.20,Остаток Алматы: 3 шт,64 500 KZT,LPR0F0000Z,Oikos,Италия,20 кг
Штукатурки,Штукатурка MARMORINO NAT. P/BIANCO  KG. 5,Остаток Алматы: 1 шт,27 600 KZT,LMM000000W,Oikos,Италия,5 кг
Штукатурки,"Известковая штукатурка TRAVERTIN, 15 кг",Остаток Алматы: 2 шт,111 530 KZT,MD TT-15,Maitre Deco,Франция,15 л
Штукатурки,Штукатурка MARMOR.NAT.FINE P/B.CO   KG. 5,Остаток Алматы: 2 шт,27 600 KZT,LMF000000W,Oikos,Италия,5 кг
Штукатурки,Штукатурка TRAVERTINO ROMANO FINIT.LT.4,Остаток Алматы: 2 шт,114 400 KZT,LTRF00000D,Oikos,Италия,4 л
Штукатурки,Штукатурка RASAT.ALLA CALCE GROSSO  KG.20,Остаток Астана: 2 шт,64 500 KZT,LPR0G0000Z,Oikos,Италия,20 кг
Штукатурки,Штукатурка TRAVERTINO ROMANO FINIT.LT.1,Остаток Алматы: 1 шт,30 400 KZT,LTRF00000E,Oikos,Италия,1 л
Шпатлевки,"Шпатлевка финишная Dulux Bindo Filler 8,6л (15 кг)",Остаток Алматы: 62 шт,22 660 KZT,5319755,Dulux,Англия,"8,6 л"
Шпатлевки,"Шпатлевка финишная Dulux Bindo Filler 2,9л (5,1 кг)",Остаток Астана: 2 шт,8 700 KZT,5319758,Dulux,Англия,"2,9 л"
Шпатлевки,"Шпатлевка финишная Dulux Bindo Filler 0.9 л (1,5кг)",Остаток Алматы: 1 шт,4 390 KZT,5319761,Dulux,Англия,"0,9 л"
Фасадные краски,Краска Marshall AKRIKOR силикон-акриловая фасадная матовая BC 9л,Остаток Алматы: 285 шт,52 100 KZT,5398706,Marshall,Турция,9 л
Фасадные краски,DufaPremium ВД краска SILOXANE фасадная силоксановая база 1 9л,Остаток Алматы: 237 шт,70 330 KZT,Н0000007168,DUFA,Германия,9 л
Фасадные краски,MAESTRO фасадная акриловая BC  9,Остаток Алматы: 225 шт,40 690 KZT,5248875,Marshall,Турция,9 л
Фасадные краски,Profilux ВД краска PL-112А фасад. влагостойкая белая 14кг,Остаток Алматы: 219 шт,19 040 KZT,МП00-004919,Profilux,Германия,14 л
Фасадные краски,"Dufa ВД краска FASSADENWEISS база 1, 10л",Остаток Алматы: 203 шт,33 224 KZT,Н0000003412,DUFA,Германия,10 л
Фасадные краски,"ProfiluxProfessional ВД краска FACADE & SOCLE акpиловая для фасадов и цоколей, 13кг",Остаток Алматы: 197 шт,29 040 KZT,Н0000005767,Profilux,Германия,13 л
Фасадные краски,MAESTRO фасадная акриловая BW  9,Остаток Алматы: 162 шт,40 690 KZT,5248873,Marshall,Турция,9 л
Фасадные краски,"ProfiluxProfessional ВД краска FACADE & SOCLE акриловая для фасадов и цоколей база 3, 13кг",Остаток Алматы: 141 шт,29 040 KZT,Н0000005759,Profilux,Германия,13 л
Фасадные краски,"Краска Marshall AKRIKOR силикон-акриловая фасадная матовая BW 2,5л",Остаток Алматы: 114 шт,15 930 KZT,5398697,Marshall,Турция,"2,5 л"
Фасадные краски,Краска фасадная Dulux Weathershield Extraflex  BW 5л,Остаток Алматы: 113 шт,46 110 KZT,5736101,Dulux,Англия,5 л
Фасадные краски,Краска Luxium Prof Diamond Фасад Глад мт BW 9л,Остаток Алматы: 93 шт,67 960 KZT,50034547,LUXIUM,Англия,9 л
Фасадные краски,"Краска Marshall AKRIKOR силикон-акриловая фасадная матовая BW 0,9л",Остаток Алматы: 86 шт,6 880 KZT,5398704,Marshall,Турция,"0,9 л"
Фасадные краски,DufaPremium ВД краска KeraFacade  база1  9л,Остаток Алматы: 78 шт,59 420 KZT,МП00-009928,DUFA,Германия,9 л
Фасадные краски,"DufaPremium ВД краска SILOXANE фасадная силоксановая база 1  0,9л",Остаток Алматы: 75 шт,8 470 KZT,МП00-007451,DUFA,Германия,"0,9 л"
Фасадные краски,Краска Luxium Prof Diamond Фасад Глад мт BC 9л,Остаток Алматы: 76 шт,84 950 KZT,50034548,LUXIUM,Англия,9 л
Фасадные краски,"Краска Marshall AKRIKOR силикон-акриловая фасадная матовая BC 0,9л",Остаток Алматы: 72 шт,6 880 KZT,5398718,Marshall,Турция,"0,9 л"
Фасадные краски,Dufa ВД краска FASSADENWEISS база 3 10л,Остаток Алматы: 63 шт,41 530 KZT,Н0000002304,DUFA,Германия,10 л
Фасадные краски,"DufaPremium ВД краска SILOXANE фасадная силоксановая база 1  2,5л",Остаток Алматы: 48 шт,23 920 KZT,Н0000004492,DUFA,Германия,"2,5 л"
Фасадные краски,"ProfiluxProfessional ВД краска FACADE & SOCLE акриловая для фасадов и цоколей база 3,  2,5кг",Остаток Алматы: 49 шт,7 950 KZT,Н0000005758,Profilux,Германия,"2,5 л"
Фасадные краски,"DufaPremium ВД краска KeraFacade  база1  0,9л",Остаток Алматы: 47 шт,7 570 KZT,МП00-009924,DUFA,Германия,"0,9 л"
Фасадные краски,"MAESTRO фасадная акриловая BC  0,9",Остаток Алматы: 44 шт,5 270 KZT,5248874,Marshall,Турция,"0,9 л"
Фасадные краски,"Краска фасадная Dulux Weathershield Extraflex BC 2,25л",Остаток Алматы: 43 шт,25 590 KZT,5736108,Dulux,Англия,"2,25 л"
Фасадные краски,DufaPremium ВД краска KeraFacade  база3  9л,Остаток Алматы: 44 шт,59 420 KZT,МП00-009929,DUFA,Германия,9 л
Фасадные краски,"ProfiluxProfessional ВД краска FACADE & SOCLE акpиловая для фасадов и цоколей,  2,5кг",Остаток Алматы: 41 шт,7 950 KZT,Н0000005766,Profilux,Германия,"2,5 л"
Фасадные краски,Profilux DIY Краска для разметки дорог белая   5кг,Остаток Алматы: 35 шт,17 300 KZT,МП00-004728,Profilux,Германия,5 л
Фасадные краски,"Краска Luxium Prof Diamond Фасад Глад мт BC 0,9л",Остаток Алматы: 35 шт,10 650 KZT,50034858,LUXIUM,Англия,"0,9 л"
Фасадные краски,Краска Dulux TRADE Фасадная гладкая bs BW  5,Остаток Алматы: 30 шт,51 410 KZT,5183702,Dulux,Англия,5 л
Фасадные краски,"MAESTRO фасадная акриловая BW  0,9",Остаток Алматы: 30 шт,5 270 KZT,5248871,Marshall,Турция,"0,9 л"
Фасадные краски,"DufaPremium ВД краска SILOXANE фасадная силоксановая база 3  0,9л",Остаток Алматы: 30 шт,8 470 KZT,МП00-007452,DUFA,Германия,"0,9 л"
Фасадные краски,"MAESTRO фасадная акриловая BW  2,5",Остаток Алматы: 22 шт,11 990 KZT,5251963,Marshall,Турция,"2,5 л"
Фасадные краски,Profilux DIY Краска для разметки дорог жёлтая   5кг,Остаток Алматы: 28 шт,17 300 KZT,МП00-004730,Profilux,Германия,5 л
Фасадные краски,Краска Luxium Prof Diamond Фасад Глад мт BW 1л,Остаток Алматы: 29 шт,10 650 KZT,50034856,LUXIUM,Англия,1 л
Фасадные краски,"Dufa ВД краска FASSADENWEISS база 1,  2,5л",Остаток Алматы: 27 шт,11 910 KZT,Н0000003413,DUFA,Германия,"2,5 л"
Фасадные краски,"Profilux ВД краска PL-112А фасад. влагостойкая белая  1,4кг",Остаток Алматы: 24 шт,3 070 KZT,МП00-007843,Profilux,Германия,"1,4 л"
Фасадные краски,"DufaPremium ВД краска KeraFacade  база1  2,5л",Остаток Алматы: 23 шт,19 330 KZT,МП00-009926,DUFA,Германия,"2,5 л"
Фасадные краски,"DufaPremium ВД краска KeraFacade  база3  0,9л",Остаток Алматы: 22 шт,7 570 KZT,МП00-009925,DUFA,Германия,"0,9 л"
Фасадные краски,"DufaPremium ВД краска KeraFacade  база3  2,5л",Остаток Алматы: 21 шт,19 330 KZT,МП00-009927,DUFA,Германия,"2,5 л"
Фасадные краски,"Dufa ВД краска FASSADENWEISS база 3  2,5л",Остаток Алматы: 19 шт,11 910 KZT,Н0000002305,DUFA,Германия,"2,5 л"
Фасадные краски,Краска Dulux Professional BINDO FACADE для фасадов и цоколей BW 9л,Остаток Алматы: 18 шт,55 160 KZT,5351675,Dulux,Англия,9 л
Фасадные краски,"Краска Luxium Prof Diamond Фасад Глад мт BC 2,25л",Остаток Алматы: 18 шт,27 890 KZT,50034857,LUXIUM,Англия,"2,25 л"
Фасадные краски,"MAESTRO фасадная акриловая BC  2,5",Остаток Алматы: 10 шт,11 990 KZT,5251965,Marshall,Турция,"2,5 л"
Фасадные краски,"KIRJO AQUA WHITE BASE PAINT 1 краска для листовой кровли 2,7",Остаток Алматы: 13 шт,35 100 KZT,970201003,Teknos,Финляндия,"2,7 л"
Фасадные краски,"Краска Dulux TRADE Фасадная гладкая bs BW  2,5",Остаток Алматы: 9 шт,27 890 KZT,5183700,Dulux,Англия,"2,5 л"
Фасадные краски,"Краска Dulux TRADE Фасадная гладкая bs BC    0,9",Остаток Алматы: 8 шт,10 650 KZT,5255347,Dulux,Англия,"0,9 л"
Фасадные краски,"KIRJO AQUA WHITE BASE PAINT 1 краска для листовой кровли 0,9",Остаток Алматы: 11 шт,12 200 KZT,970201001,Teknos,Финляндия,"0,9 л"
Фасадные краски,Краска Marshall AKRIKOR силикон-акриловая фасадная матовая BW 9л,Остаток Алматы: 4 шт,43 243 KZT,5395834,Marshall,Турция,9 л
Фасадные краски,"Краска Marshall AKRIKOR силикон-акриловая фасадная матовая BC 2,5л",Остаток Астана: 6 шт,15 930 KZT,5398714,Marshall,Турция,"2,5 л"
Фасадные краски,"KIRJO AQUA BASE PAINT 3 краска для листовой кровли 2,7",Остаток Алматы: 5 шт,30 120 KZT,970203003,Teknos,Финляндия,"2,7 л"
Фасадные краски,AKRIKOR структурная BW  9,Остаток Алматы: 5 шт,53 080 KZT,5248859,Marshall,Турция,9 л
Фасадные краски,"Краска Luxium Prof Diamond Фасад Глад мт BW 2,5л",Остаток Алматы: 5 шт,27 890 KZT,50034855,LUXIUM,Германия,"2,5 л"
Фасадные краски,Краска Dulux TRADE Фасадная гладкая bs BW  1,Остаток Алматы: 1 шт,10 650 KZT,5255345,Dulux,Англия,1 л
Фасадные краски,Marshall ФАСАД+ BC  9,Остаток Алматы: 4 шт,21 240 KZT,5261401,Marshall,Турция,9 л
Фасадные краски,KIRJO AQUA WHITE BASE PAINT 1 краска для листовой кровли 9,Остаток Алматы: 3 шт,93 250 KZT,970201010,Teknos,Финляндия,9 л
Фасадные краски,"MAESTRO фасадная акриловая BW  4,5",Остаток Алматы: 3 шт,21 150 KZT,5251964,Marshall,Турция,"4,5 л"
Фасадные краски,Marshall ФАСАД+ BW  9,Остаток Алматы: 2 шт,21 240 KZT,5261348,Marshall,Турция,9 л
Фасадные краски,Краска Dulux Professional Diamond Фасадная Гладкая мат BW 9л,Остаток Алматы: 1 шт,84 950 KZT,5770494,Dulux,Англия,9 л
Фасадные краски,"Краска Dulux Professional BINDO FACADE для фасадов и цоколей BC 2,25л",Остаток Алматы: 1 шт,11 620 KZT,5351673,Dulux,Англия,"2,25 л"
Фактурные краски,Защитное покрытие BETONCRYLL IDROREPELL.  LT. 1,Остаток Астана: 1 шт,33 900 KZT,TB0I00000E,Oikos,Италия,1 л
Фактурные краски,"Краска SOIE MATE, 1 л",Остаток Алматы: 1 шт,32 488 KZT,MD SM-10,Maitre Deco,Франция,1 л
Обои,(130 g/m2) безфактурный  1.06см * 25м,Остаток Алматы: 12 шт,29 000 KZT,9790,ОБОИ,Не указана,Не указан
Обои,New Style Patent Décor  1.06см * 25м,Остаток Алматы: 1 шт,29 500 KZT,9342,ОБОИ,Не указана,Не указан
Малярные инструменты,"Ролик специальный для решеток, арматур, оград, 50 мм (2 шт.), ядро 35 мм,  пенополиэстер высокой пло",Остаток Алматы: 430 шт,3 470 KZT,30-1264,Master color,Россия,Не указан
Малярные инструменты,"Валик, ядро 44 мм, микрофибра ""Micromix"", ворс 12 мм, под 8 мм ручку, 250 мм",Остаток Алматы: 396 шт,3 120 KZT,30-0843,Master color,Россия,Не указан
Малярные инструменты,"Кисть флейц., ширина 30 мм,  толщ. 12 мм, ПЭТ-щетина, нерж. обжим, пласт. ручка",Остаток Алматы: 362 шт,630 KZT,30-0201,Master color,Россия,Не указан
Малярные инструменты,"Лента малярная золотистая, рисовая бумага, термостойк. до 120°C, УФ-стойкость до 30 дней, 9 мм х 50",Остаток Алматы: 243 шт,1 040 KZT,30-6120,Master color,Россия,Не указан
Малярные инструменты,"Кисть флейц., ширина 50 мм, толщ. 13 мм, ПЭТ-щетина, нерж. обжим, пласт. ручка",Остаток Алматы: 231 шт,800 KZT,30-0203,Master color,Россия,Не указан
Малярные инструменты,"Clever Cover: укрывная пленка с пвх-лентой, 55 см х 25 м . Статически заряжена. 7 мкр.",Остаток Алматы: 210 шт,3 470 KZT,30-7122,Master color,Россия,Не указан
Малярные инструменты,"Кисть флейц., ширина 70 мм,  толщ. 16 мм, 70% ПБT/30% светл.натур. щетина, ручка тверд.дерева",Остаток Алматы: 165 шт,4 160 KZT,30-0045,Master color,Россия,Не указан
Малярные инструменты,"Clever Cover: укрывная пленка с золотистой малярной лентой, 270 см х 17 м. Статически заряжена. 7 мк",Остаток Алматы: 142 шт,5 200 KZT,30-7118,Master color,Россия,Не указан
Малярные инструменты,"Кисть флейц., ширина 70 мм,  толщ. 16 мм, ПЭТ-щетина, нерж. обжим, ручка тверд.дерева",Остаток Алматы: 125 шт,4 160 KZT,30-0035,Master color,Россия,Не указан
Малярные инструменты,"Валик, 10 см., ядров 35 мм,  пенополиэстер, мелкопористый, под 6 мм ручку желт.",Остаток Алматы: 123 шт,530 KZT,30-1022,Master color,Россия,Не указан
Малярные инструменты,"Лента малярная для деликатных поверхностей,  рисовая бумага, термостойк. до 120°C, УФ-стойкость до 3",Остаток Алматы: 111 шт,3 120 KZT,30-6134,Master color,Россия,Не указан
Малярные инструменты,"Макловица, 120х30 мм, 70%ПЭT/30% натур. щетина, нерж. обжим, красная пласт. ручка",Остаток Алматы: 120 шт,1 390 KZT,30-0583,Master color,Россия,Не указан
Малярные инструменты,"Кисть флейц., ширина 70 мм, толщ. 16 мм, 70% ПЭT/30% натур. щетина, нерж. обжим, пласт. ручка",Остаток Алматы: 117 шт,1 390 KZT,30-0234,Master color,Россия,Не указан
Малярные инструменты,"Валик, 25 см, ядро 47, микрофибра, ворс 9 мм, под 8 мм ручку",Остаток Алматы: 109 шт,2 080 KZT,30-0837,Master color,Россия,Не указан
Малярные инструменты,"Кисть флейц., ширина 50 мм, натур. щетина, 55% топс, лакиров.ручка",Остаток Алматы: 95 шт,420 KZT,30-0013,Master color,Россия,Не указан
Малярные инструменты,"Лента малярная для деликатных поверхностей, 24 мм x 25 м",Остаток Алматы: 87 шт,1 570 KZT,30-6132,Master color,Россия,Не указан
Малярные инструменты,"Валик, ядро 44 мм, микрофибра ""Micromix"", ворс 12 мм, под 8 мм ручку, 180 мм",Остаток Алматы: 75 шт,2 310 KZT,30-0842,Master color,Россия,Не указан
Малярные инструменты,"KELLY-MOORE 9 PRO HD ROLLER FRAME- Рукоятка для валика 228,6мм",Остаток Алматы: 91 шт,21 100 KZT,9PHK5G,KELLY-MOORE,Америка,Не указан
Малярные инструменты,"Кисть флейц., ширина 40 мм, толщ. 11 мм, 70% ПЭT/30% натур. щетина, нерж.обжим, пласт. ручка",Остаток Алматы: 70 шт,800 KZT,30-0232,Master color,Россия,Не указан
Малярные инструменты,"Кисть флейц., ширина 40 мм,  толщ. 13 мм, 70% ПБT/30% светл.натур. щетина, нерж. обжим, пласт. ручка",Остаток Алматы: 72 шт,840 KZT,30-0122,Master color,Россия,Не указан
Малярные инструменты,"Кисть флейц., ширина 25 мм, натур. щетина, 55% топс, лакиров.ручка",Остаток Алматы: 83 шт,285 KZT,30-0011,Master color,Россия,Не указан
Малярные инструменты,"Лента малярная золотистая, рисовая бумага, 24 мм x 25 м, термостойкость до 100°C, УФ-стойкость до 30",Остаток Алматы: 74 шт,1 390 KZT,30-6122,Master color,Россия,Не указан
Малярные инструменты,"Валик, 18 см, ядро  44,  полиамид, ворс 20 мм, с подкладкой 8 мм., под 8 мм  ручку.",Остаток Алматы: 80 шт,3 120 KZT,30-0766,Master color,Россия,Не указан
Малярные инструменты,"Кисть флейц., ширина 30 мм,  толщ. 12 мм, 70% ПБT/30% светл.натур. щетина, нерж. обжим, пласт. ручка",Остаток Алматы: 63 шт,700 KZT,30-0121,Master color,Россия,Не указан
Малярные инструменты,"KELLY-MOORE 4 X 1-4 NAP WOVEN LINT FREE ROLLER COVER- Акриловое волокно шубка (101,6мм, ворс 6,35м)",Остаток Алматы: 76 шт,6 750 KZT,0037-202,KELLY-MOORE,Америка,Не указан
Малярные инструменты,"Clever Cover: укрывная пленка с ПЭ-лентой, 140 см х 33 м. Статически заряжена. 7 мкр.",Остаток Алматы: 70 шт,5 200 KZT,30-7126,Master color,Россия,Не указан
Малярные инструменты,"Кисть флейц., ширина 30 мм, толщ. 11 мм, 70% ПЭT/30% натур. щетина, ручка тверд.дерева",Остаток Алматы: 62 шт,1 740 KZT,30-0021,Master color,Россия,Не указан
Малярные инструменты,"Ручка для валика, оцинкованная сталь Ø8 мм, ширина 25 см",Остаток Алматы: 69 шт,1 390 KZT,30-1211,Master color,Россия,Не указан
Малярные инструменты,"Валик, 10 см., ядро 35 мм,  структурный поролон грубый, крупнопористый, под 6 мм ручку.",Остаток Алматы: 68 шт,1 040 KZT,30-1274,Master color,Россия,Не указан
Малярные инструменты,"Ручка для валика, оцинкованная сталь Ø6 мм, длина 19 см, ширина 5 см, для валиков 5-6 см.",Остаток Алматы: 64 шт,700 KZT,30-1221,Master color,Россия,Не указан
Малярные инструменты,"Кисть флейц., ширина 70 мм, толщ. 16 мм, 70% ПБT/30% чёрн.натур. щетина, нерж. обжим, пласт. ручка",Остаток Алматы: 39 шт,1 740 KZT,30-0164,Master color,Россия,Не указан
Малярные инструменты,"Валик,  18 см, ядро 41, полиакрил, ворс 12 мм, под 8 мм  ручку",Остаток Алматы: 61 шт,1 740 KZT,30-0786,Master color,Россия,Не указан
Малярные инструменты,"Ручка для валика, оцинкованная сталь Ø8 мм, ширина 18 см",Остаток Алматы: 59 шт,1 160 KZT,30-1210,Master color,Россия,Не указан
Малярные инструменты,"Clever Cover: укрывная пленка с золотистой малярной лентой, 55 см х 33 м. Статически заряжена. 7 мкр",Остаток Алматы: 59 шт,3 120 KZT,30-7114,Master color,Россия,Не указан
Малярные инструменты,"Валик, 10 см., ядров 35 мм,  пенополиэстер, мелкопористый, под 6 мм ручку",Остаток Алматы: 41 шт,530 KZT,30-1023,Master color,Россия,Не указан
Малярные инструменты,"KELLY-MOORE 4 PRO HD ROLLER FRAME- Рукоятка для валика 101,6мм",Остаток Алматы: 54 шт,13 300 KZT,4PHK5G,KELLY-MOORE,Америка,Не указан
Малярные инструменты,"Валик, 25 см, ядро  44, полиамид, ворс 20 мм, с подкладкой 8 мм, под 8 мм  ручку.",Остаток Алматы: 54 шт,4 860 KZT,30-0767,Master color,Россия,Не указан
Малярные инструменты,KELLY-MOORE 2 100% SOLID TAPERED POLYESTER FLAT SASH- Кисть полиэстер смесь круглых нитей средней же,Остаток Алматы: 48 шт,9 300 KZT,0037-161,KELLY-MOORE,Америка,Не указан
Малярные инструменты,"Ручка для валика 2К, алюминий Ø 8 мм, ширина 180 мм",Остаток Алматы: 36 шт,3 120 KZT,30-1230,Master color,Россия,Не указан
Малярные инструменты,KELLY-MOORE 2 100% SOLID TAPERED POLYESTER ANGULAR SASH- Кисть полиэстер смесь круглых нитей средней,Остаток Алматы: 48 шт,10 100 KZT,0037-158,KELLY-MOORE,Америка,Не указан
Малярные инструменты,"Валик, 18 см, ядро 47,  полиамид, ворс 20 мм, под 8 мм  ручку",Остаток Алматы: 34 шт,2 780 KZT,30-0756,Master color,Россия,Не указан
Малярные инструменты,"Кисть флейц., ширина 30 мм,  толщ. 12 мм, 70% ПБT/30% чёрн.натур. щетина, нерж. обжим, пласт. ручка",Остаток Алматы: 26 шт,800 KZT,30-0161,Master color,Россия,Не указан
Малярные инструменты,"Валик, 18 см, ядро 58, полиакрил, ворс 18 мм, под 8 мм ручку",Остаток Алматы: 46 шт,2 080 KZT,30-0816,Master color,Россия,Не указан
Малярные инструменты,"Валик 25 см, ядро 41 мм, полиэстр филт, ворс 5, под 8 мм ручку",Остаток Алматы: 45 шт,2 430 KZT,30-0687,Master color,Россия,Не указан
Малярные инструменты,"Валик 10 см, ядро 15 мм, полиэстр филт, ворс 6, под 6 мм ручку",Остаток Алматы: 44 шт,700 KZT,30-1032,Master color,Россия,Не указан
Малярные инструменты,"KELLY-MOORE 1-1-2 WHITE CHINA BRISTLE VARNISH- Кисть натуральная китайская белая щетина (38мм, ровны",Остаток Алматы: 41 шт,9 600 KZT,0037-165,KELLY-MOORE,Америка,Не указан
Малярные инструменты,"Clever Cover: укрывная пленка с золотистой малярной лентой, 140 см х 33 м. Статически заряжена. 7 мк",Остаток Алматы: 27 шт,4 860 KZT,30-7116,Master color,Россия,Не указан
Малярные инструменты,"Валик, 25 см, ядро 48, полиакрил, ворс 18 мм, под 8 мм ручку",Остаток Алматы: 39 шт,2 080 KZT,30-0807,Master color,Россия,Не указан
Малярные инструменты,Валик Филт войлочный 25см/38мм,Остаток Алматы: 38 шт,6 130 KZT,450025,ANZA,Швеция,Не указан
Малярные инструменты,"Кисть флейц., ширина 40 мм,  толщ. 13 мм, 70% ПБT/30% чёрн.натур. щетина, нерж. обжим, пласт. ручка",Остаток Алматы: 16 шт,940 KZT,30-0162,Master color,Россия,Не указан
Малярные инструменты,"Валик, 18 см., ядро 48 мм., полиакрил, ворс 9 мм, под 8 мм ручку",Остаток Алматы: 25 шт,1 740 KZT,30-0796,Master color,Россия,Не указан
Малярные инструменты,"Кисть флейц., ширина 50 мм, толщ. 12 мм, 70% ПЭT/30% натур. щетина, нерж. обжим, пласт. ручка",Остаток Алматы: 25 шт,980 KZT,30-0233,Master color,Россия,Не указан
Малярные инструменты,Кисть PLATINUM  плоская 35 мм.,Остаток Алматы: 36 шт,7 540 KZT,149535,ANZA,Швеция,Не указан
Малярные инструменты,KELLY-MOORE 1-1-2 100% SOLID TAPERED POLYESTER ANGULAR SASH- Кисть полиэстер смесь круглых нитей сре,Остаток Алматы: 36 шт,8 650 KZT,0037-157,KELLY-MOORE,Америка,Не указан
Малярные инструменты,"Валик, ядро 41 мм, полиамид нейлон, ворс 12 мм, под 8 мм ручку, 350 мм",Остаток Алматы: 35 шт,4 160 KZT,30-0738,Master color,Россия,Не указан
Малярные инструменты,"Телескопический удлинитель 1,2-2 м, алюминий, 2-х секционный, с винтовым адаптером",Остаток Алматы: 28 шт,10 400 KZT,30-1509,Master color,Россия,Не указан
Малярные инструменты,Кисть PLATINUM  плоская 25 мм.,Остаток Алматы: 35 шт,6 340 KZT,149525,ANZA,Швеция,Не указан
Малярные инструменты,"Кисть флейц., ширина 70 мм,  толщ. 16 мм, 70% ПБT/30% чёрн.натур. щетина, нерж. обжим, ручка тверд.д",Остаток Алматы: 25 шт,4 160 KZT,30-0055,Master color,Россия,Не указан
Малярные инструменты,"Кисть флейц., ширина 60 мм, натур. щетина, 55% топс, лакиров.ручка",Остаток Алматы: 17 шт,630 KZT,30-0014,Master color,Россия,Не указан
Малярные инструменты,"Валик, 25 см., ядро 80 мм, структурный поролон грубый, крупнопористый, под 8 мм ручку.",Остаток Алматы: 28 шт,5 200 KZT,30-1284,Master color,Россия,Не указан
Малярные инструменты,"Валик, 10 см, ядро 15 мм., микрофибра, ворс 9 мм, под 6 мм ручку",Остаток Алматы: 3 шт,350 KZT,30-1092,Master color,Россия,Не указан
Малярные инструменты,"Кисть флейц., ширина 70 мм, толщ. 11 мм, 70% ПЭT/30% натур. щетина, ручка тверд.дерева",Остаток Алматы: 31 шт,4 160 KZT,30-0025,Master color,Россия,Не указан
Малярные инструменты,"Кисть флейцевая, ХАЛЯЛЬ, ширина 70 мм,  толщ. 16 мм, 30% черный конский волос+ 70% ПБТ",Остаток Алматы: 32 шт,950 KZT,30-0144,Master color,Россия,Не указан
Малярные инструменты,KELLY-MOORE 1-1-2 100% SOLID TAPERED POLYESTER FLAT SASH- Кисть полиэстер смесь круглых нитей средне,Остаток Алматы: 31 шт,8 150 KZT,0037-160,KELLY-MOORE,Америка,Не указан
Малярные инструменты,Валик Антекс микрофибра 25/38мм,Остаток Алматы: 30 шт,6 950 KZT,580025,ANZA,Швеция,Не указан
Малярные инструменты,"Удлинитель, сталь лакированная, Ø 25 мм., 120  см.",Остаток Алматы: 30 шт,2 310 KZT,30-1408,Master color,Россия,Не указан
Малярные инструменты,"Валик, 25 см, ядро 47, полиамид, ворс 20 мм, под 8 мм  ручку",Остаток Алматы: 19 шт,3 820 KZT,30-0757,Master color,Россия,Не указан
Малярные инструменты,"Валик, 18 см, ядро 47, спец. полиэстр, ворс 13 мм, под 8 мм ручку",Остаток Алматы: 17 шт,1 740 KZT,30-0716,Master color,Россия,Не указан
Малярные инструменты,Поддон для краски 25 см,Остаток Алматы: 28 шт,5 110 KZT,621025,ANZA,Швеция,Не указан
Малярные инструменты,"Валик MAKO сменный, тканный полиэстер, особо короткий ворс 10мм, плотность 780г 706618/706619",Остаток Алматы: 16 шт,4 310 KZT,706618/706619,MAKO,Германия,Не указан
Малярные инструменты,Кисть MAKO плоская 70мм (светлая смесь щитины) 60% пласт.ручка оправа из белай жести 352470,Остаток Алматы: 21 шт,1 370 KZT,352470,MAKO,Германия,Не указан
Малярные инструменты,"Валик, 18 см, ядро 47, микрофибра, ворс 9 мм, под 8 мм ручку",Остаток Алматы: 14 шт,1 740 KZT,30-0836,Master color,Россия,Не указан
Малярные инструменты,"Удлинитель, сталь лакированная, Ø 25 мм., 200 см.",Остаток Алматы: 24 шт,3 470 KZT,30-1409,Master color,Россия,Не указан
Малярные инструменты,Ванночка MAKO для краски super GRIP 25*32 761831/761832,Остаток Алматы: 27 шт,1 620 KZT,761831/761832,MAKO,Германия,Не указан
Малярные инструменты,"Валик, 25 см, ядро 41 мм., полиамид, ворс 12мм, под 8 мм ручку",Остаток Алматы: 27 шт,3 120 KZT,30-0737,Master color,Россия,Не указан
Малярные инструменты,"Валик, 25 см.,ядро 40 мм., 100% велюр, ворс 5 мм",Остаток Алматы: 17 шт,2 780 KZT,30-0847,Master color,Россия,Не указан
Малярные инструменты,"Лента малярная золотистая, рисовая бумага, 36 мм x 25 м, термостойкость до 100°C, УФ-стойкость до 30",Остаток Алматы: 25 шт,2 080 KZT,30-6123,Master color,Россия,Не указан
Малярные инструменты,Кисть ELITE плоская 70мм,Остаток Алматы: 24 шт,10 240 KZT,150470,ANZA,Швеция,Не указан
Малярные инструменты,"Кисть флейц., ширина 50 мм,  толщ. 15 мм, 70% ПБT/30% чёрн.натур. щетина, нерж. обжим, ручка тверд.д",Остаток Алматы: 14 шт,2 430 KZT,30-0053,Master color,Россия,Не указан
Малярные инструменты,Кисть PLATINUM со скошенной щетиной 35 мм.,Остаток Алматы: 22 шт,10 620 KZT,149635,ANZA,Швеция,Не указан
Малярные инструменты,Валик ELITE Филт войлочный 10 см/15 мм,Остаток Алматы: 22 шт,2 810 KZT,454510,ANZA,Швеция,Не указан
Малярные инструменты,"Ролик, 10 см, ядро15 мм, 100% велюр, ворс 5 мм, ручка 27 см",Остаток Алматы: 2 шт,1 390 KZT,30-1114,Master color,Россия,Не указан
Малярные инструменты,Рукоятка BASIC для валика 25см,Остаток Алматы: 21 шт,5 835 KZT,603025,ANZA,Швеция,Не указан
Малярные инструменты,Кисть ELITE плоская 35мм,Остаток Алматы: 21 шт,6 450 KZT,150435,ANZA,Швеция,Не указан
Малярные инструменты,Валик MAKO сменный VESTAN lachs 23см для Endkapp рукоятки высота ворса 13мм 701723,Остаток Алматы: 20 шт,1 720 KZT,701723,MAKO,Германия,Не указан
Малярные инструменты,"Кисть для нанесения декоративных материалов, 75 мм",Остаток Алматы: 19 шт,3 470 KZT,30-0065,Master color,Россия,Не указан
Малярные инструменты,"Кисть флейц., ширина 30 мм,  толщ. 14 мм, 70% ПБT/30% светл.натур. щетина, ручка тверд.дерева",Остаток Алматы: 14 шт,1 740 KZT,30-0041,Master color,Россия,Не указан
Малярные инструменты,"Валик, 18 см, ядро 41 мм., полиамид, ворс 12мм, под 8 мм ручку",Остаток Алматы: 19 шт,2 260 KZT,30-0736,Master color,Россия,Не указан
Малярные инструменты,Валик Микмекс микрофибра 10 см,Остаток Алматы: 19 шт,3 245 KZT,584512,ANZA,Швеция,Не указан
Малярные инструменты,"Кисть флейцевая, ХАЛЯЛЬ, ширина 30 мм, толщ. 11 мм, 30%  светлый конский волос + 70% темный ПБТ",Остаток Алматы: 19 шт,475 KZT,30-0221,Master color,Россия,Не указан
Малярные инструменты,"Миксер пластиковый для перемешивания краски, многофункциональный",Остаток Алматы: 14 шт,700 KZT,30-1481,Master color,Россия,Не указан
Малярные инструменты,Валик ELITE Титекс 25см/38мм,Остаток Алматы: 17 шт,6 770 KZT,550025,ANZA,Швеция,Не указан
Малярные инструменты,"KELLY-MOORE 9 X 3-8 NAP MICROFIBER ROLLER COVER- Микрофибра шубка (228,6мм, ворс 9,53мм)",Остаток Алматы: 17 шт,19 000 KZT,0037-179,KELLY-MOORE,Америка,Не указан
Малярные инструменты,"KELLY-MOORE 4 X 3-8 NAP WOVEN DRALON ROLLER COVER- Акриловое волокно шубка (101,6мм, ворс 9,53мм)",Остаток Алматы: 16 шт,7 100 KZT,0037-203,KELLY-MOORE,Америка,Не указан
Малярные инструменты,KELLY-MOORE 2-1-2 100% SOLID TAPERED POLYESTER FLAT SASH- Кисть полиэстер смесь круглых нитей средне,Остаток Алматы: 16 шт,11 400 KZT,0037-162,KELLY-MOORE,Америка,Не указан
Малярные инструменты,"Шпатель-скребок, 75 мм ,многофункциональный 8-в-1 нержавеющая сталь, 2К-ручка",Остаток Алматы: 10 шт,3 470 KZT,30-2614,Master color,Россия,Не указан
Малярные инструменты,"KELLY-MOORE 9 X 3-8 NAP WOVEN DRALON ROLLER COVER- Акриловое волокно шубка (228,6мм, ворс 9,53мм)",Остаток Алматы: 16 шт,13 150 KZT,0037-199,KELLY-MOORE,Америка,Не указан
Малярные инструменты,"Валик, 18 см, ядро 48, полиакрил, ворс 18 мм, под 8 мм ручку",Остаток Алматы: 16 шт,1 740 KZT,30-0806,Master color,Россия,Не указан
Малярные инструменты,"Валик MAKO в сборе 5см, короткая рукоятка 745106",Остаток Астана: 15 шт,1 250 KZT,745106,MAKO,Германия,Не указан
Малярные инструменты,Валик Микмекс микрофибра 25/38мм,Остаток Алматы: 15 шт,9 130 KZT,580026,ANZA,Швеция,Не указан
Малярные инструменты,KELLY-MOORE 9 X 3-8 NAP AAA MERINO SHEEPSKIN ROLLER COVER- 100% натуральная овчина мериноса (шубка),Остаток Алматы: 14 шт,25 750 KZT,0037-172,KELLY-MOORE,Америка,Не указан
Малярные инструменты,"Валик 10 см, ядро 15 мм, полиэстр филт, ворс 6, под 6 мм ручку желт.",Остаток Алматы: 14 шт,700 KZT,30-1031,Master color,Россия,Не указан
Малярные инструменты,"KELLY-MOORE 9 X 1-4 NAP WOVEN LINT FREE ROLLER COVER- Акриловое волокно шубка (228,6мм, ворс 6,35м)",Остаток Алматы: 13 шт,12 250 KZT,0037-198,KELLY-MOORE,Америка,Не указан
Малярные инструменты,"KELLY-MOORE 2 WHITE CHINA BRISTLE VARNISH- Кисть натуральная китайская белая щетина (51мм, ровный кр",Остаток Алматы: 13 шт,11 950 KZT,0037-166,KELLY-MOORE,Америка,Не указан
Малярные инструменты,"Валик, 18 см. ядро 48 мм., полиамид нейлон, ворс 9 мм, под 8 мм ручку",Остаток Алматы: 13 шт,750 KZT,30-0746,Master color,Россия,Не указан
Малярные инструменты,"Круглая кисть, Ø55 мм, натур. щетина, 55% топс, деревянная ручка",Остаток Алматы: 13 шт,800 KZT,30-0408,Master color,Россия,Не указан
Малярные инструменты,Валик BASIC Рилон 25см/38мм,Остаток Алматы: 12 шт,5 575 KZT,440025,ANZA,Швеция,Не указан
Малярные инструменты,"Радиаторная кисть, ширина 25 мм, толщ. 11 мм, натур. щетина, нерж. обжим, деревянная ручка",Остаток Алматы: 6 шт,630 KZT,30-0301,Master color,Россия,Не указан
Малярные инструменты,"Кисть флейц., ширина 50 мм, толщ. 11 мм, 70% ПЭT/30% натур. щетина, ручка тверд.дерева",Остаток Астана: 12 шт,2 430 KZT,30-0023,Master color,Россия,Не указан
Малярные инструменты,Кисть MAKO плоская 100мм (светлая смесь щитины) 60% пласт.ручка оправа из белай жести 352499,Остаток Астана: 12 шт,2 870 KZT,352499,MAKO,Германия,Не указан
Малярные инструменты,Кисть BASIC XP плоская синтетика 70 мм.,Остаток Алматы: 12 шт,4 590 KZT,147570,ANZA,Швеция,Не указан
Малярные инструменты,"Ролик, 10 см., ядро 30 мм., микрофибра, ворс 9 мм, ручка 35 см",Остаток Алматы: 5 шт,1 740 KZT,30-1095,Master color,Россия,Не указан
Малярные инструменты,"Ролик,  18 см, ядро 41, полиакрил, ворс 12 мм, 8 мм  ручка.",Остаток Алматы: 12 шт,3 120 KZT,30-0790,Master color,Россия,Не указан
Малярные инструменты,"Ролик, ядро 15 мм, микрофибра ""Micromix"", ворс 12 мм, 2К-ручка 27 см, 100 мм,",Остаток Алматы: 3 шт,2 080 KZT,30-1017,Master color,Россия,Не указан
Малярные инструменты,Кисть BASIC XP плоская синтетика 35 мм.,Остаток Алматы: 11 шт,2 490 KZT,147535,ANZA,Швеция,Не указан
Малярные инструменты,"KELLY-MOORE 9 X 1-4 NAP MICROFIBER ROLLER COVER- Микрофибра шубка (228,6мм, ворс 6,35мм)",Остаток Алматы: 11 шт,16 900 KZT,0037-178,KELLY-MOORE,Америка,Не указан
Малярные инструменты,"Кисть флейц., ширина 30 мм,  толщ. 14 мм, ПЭТ-щетина, нерж. обжим, ручка тверд.дерева",Остаток Алматы: 7 шт,1 740 KZT,30-0031,Master color,Россия,Не указан
Малярные инструменты,KELLY-MOORE 2-1-2 100% SOLID TAPERED POLYESTER ANGULAR SASH- Кисть полиэстер смесь круглых нитей сре,Остаток Алматы: 11 шт,12 250 KZT,0037-159,KELLY-MOORE,Америка,Не указан
Малярные инструменты,"Ролик окантовочный, 10 см, ядро 30, полиакрил, ворс 11 мм, 2-К ручка",Остаток Алматы: 3 шт,4 510 KZT,30-1254,Master color,Россия,Не указан
Малярные инструменты,"Кисть флейц., ширина 50 мм,  толщ. 15 мм, ПЭТ-щетина, нерж. обжим, ручка тверд.дерева",Остаток Астана: 10 шт,2 430 KZT,30-0033,Master color,Россия,Не указан
Малярные инструменты,Скотч MAKO малярный 50мх50мм (до 80°С) желтый 831350,Остаток Алматы: 10 шт,4 780 KZT,831350,MAKO,Германия,Не указан
Малярные инструменты,Ванна для краски пластиковая 610х350 мм,Остаток Алматы: 7 шт,7 630 KZT,30-1323,Master color,Россия,Не указан
Малярные инструменты,"Валик, 15 см, ядро 15 мм., полиамид, ворс 12 мм, под 6 мм ручку",Остаток Алматы: 9 шт,530 KZT,30-1062,Master color,Россия,Не указан
Малярные инструменты,"Круглая кисть,  Ø45 мм,  натур. щетина, 55% топс, деревянная ручка",Остаток Алматы: 9 шт,950 KZT,30-0406,Master color,Россия,Не указан
Малярные инструменты,"Ролик, 18 см, ядро 47, спец. полиэстр, ворс 13 мм,8 мм ручка.",Остаток Алматы: 9 шт,3 120 KZT,30-0720,Master color,Россия,Не указан
Малярные инструменты,"Накладка самоклеящаяся ремонтная, армированная алюминиевой сеткой, 150х150 мм,",Остаток Алматы: 3 шт,1 260 KZT,30-7202,Master color,Россия,Не указан
Малярные инструменты,"Ручка для валика 2К, алюминий Ø 8 мм, ширина 250 мм",Остаток Алматы: 2 шт,3 470 KZT,30-1231,Master color,Россия,Не указан
Малярные инструменты,"Кельма пластиковая,3 мм полотно, 280x130мм",Остаток Алматы: 7 шт,2 890 KZT,30-2010,Master color,Россия,Не указан
Малярные инструменты,"Лента малярная бумажная, синяя, 48 мм x 25 м, термостойкость до 100°C, УФ-стойкость до 14 дней",Остаток Алматы: 7 шт,2 080 KZT,30-6114,Master color,Россия,Не указан
Малярные инструменты,"Нож MAKO универсальный Soft Grip 18мм, TWIST-LOCK 816920SB",Остаток Астана: 7 шт,2 530 KZT,816920SB,MAKO,Германия,Не указан
Малярные инструменты,"Пленка MAKO защитная универсальная 4х20,0м / толщиной 7мкм 835020",Остаток Алматы: 7 шт,4 130 KZT,835020,MAKO,Германия,Не указан
Малярные инструменты,"Валик MAKO сменный полиакрил 5см для рукоятки 6мм, 2 шт в пакете 723605-02/723606-02",Остаток Астана: 7 шт,750 KZT,723605-02/723606-02,MAKO,Германия,Не указан
Малярные инструменты,"Кисть флейц., ширина 30 мм,  толщ. 14 мм, 70% ПБT/30% чёрн.натур. щетина, нерж. обжим,ручка тверд.де",Остаток Астана: 7 шт,1 740 KZT,30-0051,Master color,Россия,Не указан
Малярные инструменты,"Макловица, 100х30 мм, 70%ПЭT/30% натур. щетина, нерж. обжим, красная пласт. ручка",Остаток Алматы: 7 шт,400 KZT,30-0582,Master color,Россия,Не указан
Малярные инструменты,Рукоятка ELITE для валика 25 см,Остаток Алматы: 6 шт,8 150 KZT,613025,ANZA,Швеция,Не указан
Малярные инструменты,"Валик, 25 см, ядро 47, спец. полиэстр, ворс 13 мм, под 8 мм ручку",Остаток Алматы: 2 шт,2 080 KZT,30-0717,Master color,Россия,Не указан
Малярные инструменты,Маленький шпатель SPATOLA PICCOLA            111,Остаток Алматы: 6 шт,10 400 KZT,OIASPAR000,Oikos,Италия,Не указан
Малярные инструменты,"Ручка для валика, оцинкованная сталь Ø6 мм, длина 35 см, ширина 10 см, для валиков 10-15 см.",Остаток Астана: 6 шт,1 040 KZT,30-1223,Master color,Россия,Не указан
Малярные инструменты,Валик Филт 25 см/45мм,Остаток Алматы: 6 шт,7 080 KZT,451525,ANZA,Швеция,Не указан
Малярные инструменты,набор художественных кистей,Остаток Алматы: 6 шт,1 390 KZT,30-0501,Master color,Россия,Не указан
Малярные инструменты,"Кисть ""Расческа"" PETTINE IN GOMMA           A10",Остаток Алматы: 4 шт,15 900 KZT,OIAPET0G00,Oikos,Италия,Не указан
Малярные инструменты,Валик MAKO сменный тканное покрытие 18 см для рукоятки 8мм высота ворса 13мм 704518,Остаток Алматы: 6 шт,3 280 KZT,704518,MAKO,Германия,Не указан
Малярные инструменты,"Кисть флейц., ширина 50 мм,  толщ. 15 мм, 70% ПБT/30% светл.натур. щетина, ручка тверд.дерева",Остаток Алматы: 4 шт,2 430 KZT,30-0043,Master color,Россия,Не указан
Малярные инструменты,Валик MAKO в сборе 10см велюр длинная рукоятка 728010SB,Остаток Астана: 6 шт,1 920 KZT,728010SB/728011SB,MAKO,Германия,Не указан
Малярные инструменты,"Валик, 10 см, ядро 15 мм, микрофибра ""Micromix"", ворс 12 мм, под 6 мм ручку",Остаток Астана: 5 шт,630 KZT,30-1011,Master color,Россия,Не указан
Малярные инструменты,"Лента малярная для деликатных поверхностей, 38 мм x 25 м",Остаток Астана: 5 шт,2 430 KZT,30-6133,Master color,Россия,Не указан
Малярные инструменты,"Ванна д/краски,27х28см, пластик.",Остаток Алматы: 5 шт,700 KZT,30-1321,Master color,Россия,Не указан
Малярные инструменты,Кисть MAKO плоская натур.щетина плотность 60% 60мм/14мм 352560H,Остаток Астана: 5 шт,1 490 KZT,352560H,MAKO,Германия,Не указан
Малярные инструменты,"Радиаторная кисть, ширина 50 мм, толщ. 12 мм,  , нерж. обжим, деревянная ручка",Остаток Алматы: 1 шт,1 040 KZT,30-0303,Master color,Россия,Не указан
Малярные инструменты,Кисть MAKO плоская 30мм (светлая смесь щитины) 60% пласт.ручка оправа из белай жести 352430,Остаток Алматы: 4 шт,800 KZT,352430,MAKO,Германия,Не указан
Малярные инструменты,Поддон для краски 10 см,Остаток Алматы: 4 шт,2 645 KZT,621010,ANZA,Швеция,Не указан
Малярные инструменты,"Кисть ""Имитация дерева"" ATTREZZO LEGNATO BY OIKOS   109",Остаток Алматы: 2 шт,21 300 KZT,OIAATTL000,Oikos,Италия,Не указан
Малярные инструменты,Валик ELITE Титекс 10 см/15 мм,Остаток Алматы: 4 шт,3 090 KZT,550510,ANZA,Швеция,Не указан
Малярные инструменты,"Шпатель 40mm,  нержавеющиая сталь, пластиковая ручка",Остаток Астана: 4 шт,350 KZT,30-2304,Master color,Россия,Не указан
Малярные инструменты,"Шпатель, 80 мм,  нержавеющая сталь, 2К-ручка",Остаток Астана: 4 шт,1 510 KZT,30-2608,Master color,Россия,Не указан
Малярные инструменты,"Лента малярная золотистая, рисовая бумага, термостойк. до 120°C, УФ-стойкость до 30 дней, 48 мм х 25",Остаток Астана: 4 шт,2 780 KZT,30-6124,Master color,Россия,Не указан
Малярные инструменты,"Круглая кисть, Ø35 мм, натур. щетина, 55% топс, деревянная ручка",Остаток Алматы: 4 шт,475 KZT,30-0404,Master color,Россия,Не указан
Малярные инструменты,Кисть MAKO плоская 20мм (светлая смесь щитины) 60% пласт.ручка оправа из белай жести 352420,Остаток Астана: 4 шт,700 KZT,352420,MAKO,Германия,Не указан
Малярные инструменты,"Кисть для нанесения декоративных материалов, 100 мм",Остаток Астана: 4 шт,4 510 KZT,30-0066,Master color,Россия,Не указан
Малярные инструменты,"Шпатель 60mm нержавеющая сталь, пластиковая ручка",Остаток Астана: 4 шт,440 KZT,30-2306,Master color,Россия,Не указан
Малярные инструменты,"Макловица 3х10, 70% ПЭT/30% натур. щетина, нерж.обжим, 2-к ручка",Остаток Алматы: 3 шт,1 300 KZT,30-0592,Master color,Россия,Не указан
Малярные инструменты,"Ванна д/краски,33х353см, пластик.",Остаток Алматы: 3 шт,880 KZT,30-1322,Master color,Россия,Не указан
Малярные инструменты,Набор BASIC  Валик Анлон с рукояткой и поддоном 25 см,Остаток Алматы: 3 шт,12 230 KZT,800163,ANZA,Швеция,Не указан
Малярные инструменты,"Шпатель, 120 мм , нержавеющая сталь, 2К-ручка",Остаток Астана: 3 шт,1 970 KZT,30-2612,Master color,Россия,Не указан
Малярные инструменты,Набор Elite Валик Титекс с рукояткой и поддоном 25 см,Остаток Алматы: 3 шт,18 050 KZT,800160,ANZA,Швеция,Не указан
Малярные инструменты,Кисть BASIC радиаторная 70 мм.,Остаток Алматы: 3 шт,5 880 KZT,113270,ANZA,Швеция,Не указан
Малярные инструменты,Кисть MAKO плоская 40мм (светлая смесь щитины) 60% пласт.ручка оправа из белай жести 352440,Остаток Алматы: 3 шт,1 060 KZT,352440,MAKO,Германия,Не указан
Малярные инструменты,Квардратный тампон с исскуственной замшей на деревянной основе TAMPONE QUADRATO IN PELLE  103,Остаток Алматы: 2 шт,29 000 KZT,OIATAMLT00,Oikos,Италия,Не указан
Малярные инструменты,Валик МАКО в сборе полиамид Goldfaden 10см 723303SB,Остаток Алматы: 3 шт,2 000 KZT,723303SB,MAKO,Германия,Не указан
Малярные инструменты,Кисть MAKO флейцевая смеш.щетина плотность 70% 60мм/14мм 354360,Остаток Алматы: 3 шт,1 330 KZT,354360,MAKO,Германия,Не указан
Малярные инструменты,"Валик МАКО в сборе mako tex plus,10см короткая рукоятка 725406SB",Остаток Астана: 3 шт,2 530 KZT,725406SB,MAKO,Германия,Не указан
Малярные инструменты,"Губка MAKO шлифов., благородный абразивный слой, нежная/средняя, 100х70х25мм 840000M",Остаток Астана: 3 шт,1 030 KZT,840000M,MAKO,Германия,Не указан
Малярные инструменты,"Шпатель, 20 мм, нержавающая сталь, 2К-ручка",Остаток Алматы: 2 шт,1 160 KZT,30-2602,Master color,Россия,Не указан
Малярные инструменты,"Лента рисовая 38ммx50м красная акрл.кл.,UV120, 11мк,терм.100",Остаток Алматы: 2 шт,6 500 KZT,96073899,Color Expert,Германия,Не указан
Малярные инструменты,Кисть ELITE плоская 50мм,Остаток Алматы: 2 шт,8 740 KZT,150450,ANZA,Швеция,Не указан
Малярные инструменты,Удлинитель MAKO телескопический стальной 110-200см Ø 21/23мм 765541/765542,Остаток Астана: 2 шт,5 270 KZT,765541/765542,MAKO,Германия,Не указан
Малярные инструменты,Валик MAKO сменный микрофазер 10см для рукоятки 6мм 2 шт в пакете,Остаток Алматы: 1 шт,1 770 KZT,724510-02,MAKO,Германия,Не указан
Малярные инструменты,Набор Elite Валик Филт с рукояткой и поддоном 10 см,Остаток Алматы: 2 шт,7 100 KZT,810013,ANZA,Швеция,Не указан
Малярные инструменты,Кисть PLATINUM  плоская 50 мм.,Остаток Алматы: 2 шт,9 970 KZT,149550,ANZA,Швеция,Не указан
Малярные инструменты,"Шпатель, 100 мм , нержавеющая сталь, 2К-ручка",Остаток Астана: 2 шт,1 620 KZT,30-2610,Master color,Россия,Не указан
Малярные инструменты,Рукоятка MAKO для валика 25см стальной стержень 8мм 763026/763027,Остаток Алматы: 2 шт,1 940 KZT,763026/763027,MAKO,Германия,Не указан
Малярные инструменты,Кельма SPATOLA  280X120 MM        114,Остаток Алматы: 1 шт,35 900 KZT,OIAFRARG00,Oikos,Италия,Не указан
Малярные инструменты,Скотч MAKO малярный 50мх38мм (до 80°С) желтый 831338,Остаток Алматы: 2 шт,3 360 KZT,831338,MAKO,Германия,Не указан
Малярные инструменты,Пад с ручкой для работы с пропитками и маслами,Остаток Астана: 2 шт,6 000 KZT,30-0901,Master color,Россия,Не указан
Малярные инструменты,Тампон для нанесения (Салфетки) TAMPONI BY OIKOS  CONF.3PZ 102,Остаток Алматы: 1 шт,7 800 KZT,OIATAM03P0,Oikos,Италия,Не указан
Малярные инструменты,Кисть MAKO плоская 60мм (светлая смесь щитины) 60% пласт.ручка оправа из белай жести 352460,Остаток Алматы: 2 шт,1 500 KZT,352460,MAKO,Германия,Не указан
Малярные инструменты,"Маленькая кисть ""Испанка"" PENNELLO SPAGNA PICCOLO 3"" 140",Остаток Алматы: 1 шт,15 900 KZT,OIAPENS100,Oikos,Италия,Не указан
Малярные инструменты,Кисть MAKO плоская натур.щетина плотность 60% 70мм/13мм 352970K,Остаток Алматы: 2 шт,1 530 KZT,352970K,MAKO,Германия,Не указан
Малярные инструменты,Кисть MAKO флейцевая натур.щетина плотность 70% 70мм/21мм 354070,Остаток Алматы: 2 шт,2 700 KZT,354070,MAKO,Германия,Не указан
Малярные инструменты,"Макловица, 170х75 мм, пластик основа, пластик.ручка, ПЭТ- щетина",Остаток Астана: 2 шт,2 080 KZT,30-0572,Master color,Россия,Не указан
Малярные инструменты,"Кисть флейцевая, ХАЛЯЛЬ, ширина 40 мм, толщ. 11 мм, 30%  светлый конский волос + 70% темный ПБТ",Остаток Алматы: 2 шт,475 KZT,30-0222,Master color,Россия,Не указан
Малярные инструменты,ГУБКА НАТУРАЛЬНАЯ МОРСКАЯ 10/11 см,Остаток Астана: 1 шт,8 670 KZT,30-2001,Master color,Россия,Не указан
Малярные инструменты,"Рукоятка для валика 10,15/30см",Остаток Алматы: 1 шт,3 310 KZT,608510,ANZA,Швеция,Не указан
Малярные инструменты,"Шпатель, 40 мм , нержавеющая сталь, 2К-ручка",Остаток Астана: 1 шт,1 280 KZT,30-2604,Master color,Россия,Не указан
Малярные инструменты,Кельма  SPATOLA  200X80  MM        112,Остаток Астана: 1 шт,34 400 KZT,OIAFRARP00,Oikos,Италия,Не указан
Малярные инструменты,Минивалик MAKO 5см в сборе короткая рукоятка 6мм 723105,Остаток Алматы: 1 шт,1 600 KZT,723105/723106,MAKO,Германия,Не указан
Малярные инструменты,Валик MAKO радиаторный в сборе 12 см экстра толстый 723801SB/723802SB,Остаток Алматы: 1 шт,2 530 KZT,723801SB/723802SB,MAKO,Германия,Не указан
Малярные инструменты,Металлическое приспособление для открытия банок APRIBARATTOLI              A03,Остаток Астана: 1 шт,7 800 KZT,OIAAPR0000,Oikos,Италия,Не указан
Малярные инструменты,"Щетка MAKO проволочная, проволока латунь 3 рядная 819603",Остаток Алматы: 1 шт,3 210 KZT,819603,MAKO,Германия,Не указан
Малярные инструменты,Ванночка MAKO для краски super GRIP 31*35 761836/761837,Остаток Астана: 1 шт,2 200 KZT,761836/761837,MAKO,Германия,Не указан
Малярные инструменты,Шпатель FRATTAZZO PLASTICA 120X280 134,Остаток Астана: 1 шт,12 000 KZT,OIAFRA1P00,Oikos,Италия,Не указан
Малярные инструменты,Ванночка MAKO для краски super GRIP 15*30 761826/761827,Остаток Алматы: 1 шт,860 KZT,761826/761827,MAKO,Германия,Не указан
Малярные инструменты,Минивалик MAKO в сборе микрофазер 10см длинная рукоятка,Остаток Алматы: 1 шт,2 520 KZT,724410SB/724411SB,MAKO,Германия,Не указан
Малярные инструменты,"Валик, 18 см, ядро 47, микрофибра PRO, ворс 9 мм, под 8 мм ручку",Остаток Алматы: 1 шт,790 KZT,30-0838,Master color,Россия,Не указан
Малярные инструменты,"Ручка для валика 35-45 см, алюминий Ø 8, раздвижная",Остаток Астана: 1 шт,15 750 KZT,30-1240,Master color,Россия,Не указан
Лаки и масла,Dufa Лак YACHT яхтный полуматовый  10л,Остаток Алматы: 71 шт,75 450 KZT,Н0000002563,DUFA,Германия,9 л
Лаки и масла,Пропитка-антисептик Pinotex Classic Plus 3 в 1 CLR (база под колеровку) 9л,Остаток Алматы: 66 шт,80 180 KZT,5727924,Pinotex,Эстония,9 л
Лаки и масла,Dufa Лак PARKETT паркетный глянцевый 10л,Остаток Алматы: 68 шт,65 730 KZT,Н0000002240,DUFA,Германия,10 л
Лаки и масла,Dufa Лак PARKETT паркетный полуматовый 10л,Остаток Алматы: 61 шт,68 310 KZT,Н0000002491,DUFA,Германия,10 л
Лаки и масла,Dufa Лак YACHT яхтный глянцевый  10л,Остаток Алматы: 61 шт,70 080 KZT,Н0000002557,DUFA,Германия,10 л
Лаки и масла,"Dufa Пропитка WOOD TEX орегон  0,9л",Остаток Алматы: 42 шт,4 580 KZT,Н0000006090,DUFA,Германия,"0,9 л"
Лаки и масла,"Пропитка-антисептик Pinotex Classic Plus 3 в 1 CLR (база под колеровку) 0,9л",Остаток Алматы: 31 шт,9 910 KZT,5727613,Pinotex,Эстония,"0,9 л"
Лаки и масла,Dufa Лак PARKETT паркетный глянцевый   750мл,Остаток Алматы: 32 шт,6 480 KZT,Н0000002238,DUFA,Германия,750 мл
Лаки и масла,"Тонирующее масло TimberCare Wood Stain (цвет- прозрачный- Clear-Tint base), банка 0,72л",Остаток Алматы: 34 шт,18 900 KZT,350037,TimberCare,Нидерланды,"0,72 л"
Лаки и масла,"Profilux Лак акриловый для мебели красное дерево 0,9 л",Остаток Алматы: 30 шт,2 800 KZT,МП00-005507,Profilux,Германия,"0,9 л"
Лаки и масла,Dufa Лак PARKETT паркетный полуматовый   750мл,Остаток Алматы: 28 шт,6 780 KZT,Н0000002489,DUFA,Германия,750 мл
Лаки и масла,"Profilux Лак акриловый для мебели тик 0,9 л",Остаток Алматы: 30 шт,2 800 KZT,МП00-005508,Profilux,Германия,"0,9 л"
Лаки и масла,"Тонирующее масло TimberCare Wood Stain (цвет- прозрачный- Clear-Tint base), банка 2,4л",Остаток Алматы: 30 шт,57 000 KZT,350038,TimberCare,Нидерланды,"2,4 л"
Лаки и масла,Dufa Лак YACHT яхтный полуматовый    750мл,Остаток Алматы: 28 шт,7 350 KZT,Н0000002562,DUFA,Германия,750 мл
Лаки и масла,"Покрытие суперизносостойкое кроющее TimberCare Porch&Floor (цвет- Прозрач- Clear base), банка 2,34л",Остаток Алматы: 29 шт,64 200 KZT,350130,TimberCare,Нидерланды,"2,34 л"
Лаки и масла,Pinotex Lacker Sauna 20 (полуматовый) 1л,Остаток Алматы: 25 шт,8 810 KZT,5254107,Pinotex,Эстония,1 л
Лаки и масла,Dufa Лак YACHT яхтный глянцевый    750мл,Остаток Алматы: 26 шт,7 000 KZT,Н0000002556,DUFA,Германия,750 мл
Лаки и масла,"Покрытие суперизносостойкое кроющее TimberCare Porch&Floor (цвет- Белый- White base), банка 2,375л",Остаток Алматы: 28 шт,72 800 KZT,350120,TimberCare,Нидерланды,"2,375 л"
Лаки и масла,Dufa Пропитка WOOD TEX серая  9л,Остаток Алматы: 26 шт,32 690 KZT,МП00-011826,DUFA,Германия,9 л
Лаки и масла,Dufa Пропитка WOOD TEX орегон  3л,Остаток Алматы: 24 шт,13 050 KZT,Н0000006091,DUFA,Германия,3 л
Лаки и масла,"Profilux Лак акриловый для мебели белый 0,9 л",Остаток Алматы: 23 шт,2 800 KZT,МП00-005505,Profilux,Германия,"0,9 л"
Лаки и масла,"Матирующий лак LAQUE MAT, 1 л",Остаток Алматы: 23 шт,17 855 KZT,MD LM-10,Maitre Deco,Франция,1 л
Лаки и масла,Dufa Пропитка WOOD TEX бесцветная  3л,Остаток Алматы: 22 шт,13 050 KZT,Н0000006066,DUFA,Германия,3 л
Лаки и масла,"Dufa Пропитка WOOD TEX махагон  0,9л",Остаток Алматы: 22 шт,4 580 KZT,Н0000006082,DUFA,Германия,"0,9 л"
Лаки и масла,Dufa Лак YACHT яхтный глянцевый   2л,Остаток Алматы: 21 шт,18 190 KZT,МП00-009411,DUFA,Германия,2 л
Лаки и масла,Dufa Пропитка WOOD TEX дуб  3л,Остаток Алматы: 22 шт,13 050 KZT,Н0000006079,DUFA,Германия,3 л
Лаки и масла,"Dufa Пропитка WOOD TEX сосна  0,9л",Остаток Алматы: 21 шт,4 580 KZT,Н0000006088,DUFA,Германия,"0,9 л"
Лаки и масла,"Profilux Лак акриловый для мебели бесцветный 0,9 л",Остаток Алматы: 20 шт,2 660 KZT,МП00-005501,Profilux,Германия,"0,9 л"
Лаки и масла,Dufa Пропитка WOOD TEX орегон  9л,Остаток Алматы: 20 шт,32 690 KZT,МП00-011822,DUFA,Германия,9 л
Лаки и масла,Dufa Пропитка WOOD TEX сосна  9л,Остаток Алматы: 20 шт,32 690 KZT,МП00-011827,DUFA,Германия,9 л
Лаки и масла,"Pinotex Lacker Aqua 70 (глянцевый) 2,7 л",Остаток Алматы: 17 шт,20 080 KZT,5254103,Pinotex,Эстония,"2,7 л"
Лаки и масла,"Тонирующее масло TimberCare Wood Stain (цвет- Темный орех- Dark walnut), банка 2,5л",Остаток Алматы: 19 шт,66 400 KZT,350084,TimberCare,Нидерланды,"2,5 л"
Лаки и масла,"Dufa Пропитка WOOD TEX рябина  0,9л",Остаток Алматы: 19 шт,4 580 KZT,Н0000006084,DUFA,Германия,"0,9 л"
Лаки и масла,"Тонирующее масло TimberCare Wood Stain (цвет- Скандинавский- Nordic), банка 2,5л",Остаток Алматы: 18 шт,66 400 KZT,350081,TimberCare,Нидерланды,"2,5 л"
Лаки и масла,Dufa Лак PARKETT паркетный глянцевый  2л,Остаток Алматы: 16 шт,16 860 KZT,МП00-009234,DUFA,Германия,2 л
Лаки и масла,Dufa Пропитка WOOD TEX венге  3л,Остаток Алматы: 18 шт,13 050 KZT,Н0000006319,DUFA,Германия,3 л
Лаки и масла,Dufa Пропитка WOOD TEX сосна  3л,Остаток Алматы: 18 шт,13 050 KZT,Н0000006089,DUFA,Германия,3 л
Лаки и масла,"Тонирующее масло TimberCare Wood Stain (цвет- Античный белый- Warm antique), банка 2,5л",Остаток Алматы: 17 шт,66 400 KZT,350082,TimberCare,Нидерланды,"2,5 л"
Лаки и масла,"Масло для фасадов и террас TimberCare Facade&Terrace Oil (цвет- натуральный), банка 2,5л",Остаток Алматы: 17 шт,69 800 KZT,350048,TimberCare,Нидерланды,"2,5 л"
Лаки и масла,"Пропитка-антисептик Pinotex Classic Plus 3 в 1 Палисандр 0,9л",Остаток Алматы: 16 шт,9 910 KZT,5727787,Pinotex,Эстония,"0,9 л"
Лаки и масла,Dufa Пропитка WOOD TEX дуб  9л,Остаток Алматы: 16 шт,32 690 KZT,МП00-011820,DUFA,Германия,9 л
Лаки и масла,Dufa Лак YACHT яхтный полуматовый   2л,Остаток Алматы: 16 шт,18 700 KZT,МП00-009412,DUFA,Германия,2 л
Лаки и масла,Dufa Пропитка WOOD TEX тик  3л,Остаток Алматы: 16 шт,13 050 KZT,Н0000006087,DUFA,Германия,3 л
Лаки и масла,Dufa Пропитка WOOD TEX палисандр  9л,Остаток Алматы: 15 шт,32 690 KZT,МП00-011824,DUFA,Германия,9 л
Лаки и масла,Dufa Пропитка WOOD TEX рябина  9л,Остаток Алматы: 15 шт,32 690 KZT,МП00-011825,DUFA,Германия,9 л
Лаки и масла,Dufa Лак PARKETT паркетный полуматовый  2л,Остаток Алматы: 13 шт,17 820 KZT,МП00-009235,DUFA,Германия,2 л
Лаки и масла,"Dufa Пропитка WOOD TEX белая  0,9л",Остаток Алматы: 13 шт,4 580 KZT,Н0000006092,DUFA,Германия,"0,9 л"
Лаки и масла,Dufa Пропитка WOOD TEX серая  3л,Остаток Алматы: 13 шт,13 050 KZT,МП00-011150,DUFA,Германия,3 л
Лаки и масла,"Dufa Пропитка WOOD TEX серая  0,9л",Остаток Алматы: 13 шт,4 580 KZT,МП00-011149,DUFA,Германия,"0,9 л"
Лаки и масла,Dufa Пропитка WOOD TEX махагон  9л,Остаток Алматы: 13 шт,32 690 KZT,МП00-011821,DUFA,Германия,9 л
Лаки и масла,"Пропитка-антисептик Pinotex Classic Plus 3 в 1 Палисандр 2,5л",Остаток Алматы: 12 шт,25 660 KZT,5727785,Pinotex,Эстония,"2,5 л"
Лаки и масла,Dufa Пропитка WOOD TEX бесцветная  9л,Остаток Алматы: 11 шт,32 690 KZT,МП00-011818,DUFA,Германия,9 л
Лаки и масла,Dufa Пропитка WOOD TEX венге  9л,Остаток Алматы: 12 шт,32 690 KZT,МП00-011819,DUFA,Германия,9 л
Лаки и масла,"Pinotex Lacker Aqua 10 (матовый) 2,7 л",Остаток Алматы: 11 шт,20 080 KZT,5254106,Pinotex,Эстония,"2,7 л"
Лаки и масла,Dufa Пропитка WOOD TEX тик  9л,Остаток Алматы: 10 шт,32 690 KZT,МП00-011828,DUFA,Германия,9 л
Лаки и масла,"Пропитка-антисептик Pinotex Classic Plus 3 в 1 CLR (база под колеровку) 2,5л",Остаток Алматы: 10 шт,25 660 KZT,5727612,Pinotex,Эстония,"2,5 л"
Лаки и масла,"Масло для фасадов и террас TimberCare Facade&Terrace Oil (цвет- натуральный), банка 0,75л",Остаток Алматы: 10 шт,22 700 KZT,350047,TimberCare,Нидерланды,"0,75 л"
Лаки и масла,Dufa Пропитка WOOD TEX рябина  3л,Остаток Алматы: 10 шт,12 000 KZT,Н0000006085,DUFA,Германия,3 л
Лаки и масла,Dufa Пропитка WOOD TEX белая  3л,Остаток Алматы: 10 шт,13 050 KZT,Н0000006093,DUFA,Германия,3 л
Лаки и масла,"Тонирующее масло TimberCare Wood Stain (цвет- Лесной орех- Hazelnut), банка 0,2л",Остаток Алматы: 9 шт,8 100 KZT,350015,TimberCare,Нидерланды,"0,2 л"
Лаки и масла,"Тонирующее масло TimberCare Wood Stain (цвет- Черешня- Black cherry), банка 0,2л",Остаток Алматы: 9 шт,8 100 KZT,350031,TimberCare,Нидерланды,"0,2 л"
Лаки и масла,"Защитное масло с твердым воском TimberCare Hard Wax Oil (цвет- Белый мел- Chalk White), банка 0,175л",Остаток Алматы: 8 шт,12 000 KZT,350106,TimberCare,Нидерланды,"0,175 л"
Лаки и масла,"Защитное масло с твердым воском TimberCare Hard Wax Oil (цвет- Светло-сер- Light gray), банка 0,175л",Остаток Алматы: 8 шт,12 000 KZT,350107,TimberCare,Нидерланды,"0,175 л"
Лаки и масла,"Защитное масло с твердым воском TimberCare Hard Wax Oil (цвет- Черный- Black), банка 0,175л",Остаток Алматы: 8 шт,12 000 KZT,350105,TimberCare,Нидерланды,"0,175 л"
Лаки и масла,"Защитное масло с твердым воском TimberCare Hard Wax Oil (цвет- Белый мел- Chalk White), банка 0,75л",Остаток Алматы: 8 шт,32 100 KZT,350065,TimberCare,Нидерланды,"0,75 л"
Лаки и масла,"Защитное масло с твердым воском TimberCare Hard Wax Oil (цвет- Античный белый), банка 0,75л",Остаток Алматы: 8 шт,32 100 KZT,350067,TimberCare,Нидерланды,"0,75 л"
Лаки и масла,"Тонирующее масло TimberCare Wood Stain (цвет- Черешня- Black cherry), банка 0,75л",Остаток Алматы: 8 шт,23 100 KZT,350032,TimberCare,Нидерланды,"0,75 л"
Лаки и масла,"Тонирующее масло TimberCare Wood Stain (цвет- Старинное дерево- Old wood), банка 0,2л",Остаток Алматы: 8 шт,8 100 KZT,350007,TimberCare,Нидерланды,"0,2 л"
Лаки и масла,"Dufa Пропитка WOOD TEX тик  0,9л",Остаток Алматы: 8 шт,4 580 KZT,Н0000006086,DUFA,Германия,"0,9 л"
Лаки и масла,"Тонирующее масло TimberCare Wood Stain (цвет- Латте- Latte), банка 0,2л",Остаток Алматы: 7 шт,8 100 KZT,350017,TimberCare,Нидерланды,"0,2 л"
Лаки и масла,"Тонирующее масло TimberCare Wood Stain (цвет- Античный белый- Warm antique), банка 0,75л",Остаток Алматы: 7 шт,23 100 KZT,350004,TimberCare,Нидерланды,"0,75 л"
Лаки и масла,"Защитное масло с твердым воском TimberCare Hard Wax Oil (цвет- Черный- Black), банка 0,75л",Остаток Алматы: 7 шт,32 100 KZT,350064,TimberCare,Нидерланды,"0,75 л"
Лаки и масла,"Защитное масло с твердым воском TimberCare Hard Wax Oil (цвет- Серый холод- Blue gray), банка 0,175л",Остаток Алматы: 7 шт,12 000 KZT,350104,TimberCare,Нидерланды,"0,175 л"
Лаки и масла,"Тонирующее масло TimberCare Wood Stain (цвет- Старинное дерево- Old wood), банка 0,75л",Остаток Алматы: 7 шт,23 100 KZT,350008,TimberCare,Нидерланды,"0,75 л"
Лаки и масла,"Защитное масло с твердым воском TimberCare Hard Wax Oil (цвет- Серый холодн- Blue gray), банка 0,75л",Остаток Алматы: 7 шт,32 100 KZT,350063,TimberCare,Нидерланды,"0,75 л"
Лаки и масла,"Проф. лак на масляной основе TimberCare Pro Oil Varnish (цвет- полуматовый- satin), банка 2,5л",Остаток Алматы: 6 шт,58 700 KZT,350070,TimberCare,Нидерланды,"2,5 л"
Лаки и масла,"Тонирующее масло TimberCare Wood Stain (цвет- Античный белый- Warm antique), банка 0,2л",Остаток Алматы: 6 шт,8 100 KZT,350003,TimberCare,Нидерланды,"0,2 л"
Лаки и масла,"Тонирующее масло TimberCare Wood Stain (цвет- Золотое дерево- Golden tree), банка 0,2л",Остаток Алматы: 6 шт,8 100 KZT,350011,TimberCare,Нидерланды,"0,2 л"
Лаки и масла,Экопокрытие TimberCare Aqua Color Stain суперстойкое д-внутренних и наружных работ (цвет- прозрачный,Остаток Алматы: 6 шт,69 800 KZT,350098,TimberCare,Нидерланды,"2,45 л"
Лаки и масла,"Защитное масло с твердым воском TimberCare Hard Wax Oil (цвет- Ант.белый- Antique Wh), банка 0,175л",Остаток Алматы: 6 шт,12 000 KZT,350108,TimberCare,Нидерланды,"0,175 л"
Лаки и масла,"Защитное масло с твердым воском TimberCare Hard Wax Oil (цвет- прозрачный матовый), банка 0,175л",Остаток Алматы: 5 шт,12 000 KZT,350051,TimberCare,Нидерланды,"0,175 л"
Лаки и масла,"Тонирующее масло TimberCare Wood Stain (цвет- Серая дымка- Gray mist), банка 0,2л",Остаток Алматы: 5 шт,8 100 KZT,350009,TimberCare,Нидерланды,"0,2 л"
Лаки и масла,"Тонирующее масло TimberCare Wood Stain (цвет- Скандинавский- Nordic), банка 0,2л",Остаток Алматы: 5 шт,8 100 KZT,350001,TimberCare,Нидерланды,"0,2 л"
Лаки и масла,"Покрытие суперстойкое кроющее TimberCare Solid Color Stain (цвет- Прозрачн-Clear base), банка 0,675л",Остаток Алматы: 5 шт,22 900 KZT,350055,TimberCare,Нидерланды,"0,675 л"
Лаки и масла,"Тонирующее масло TimberCare Wood Stain (цвет- Кофе- Coffee), банка 0,2л",Остаток Алматы: 5 шт,8 100 KZT,350019,TimberCare,Нидерланды,"0,2 л"
Лаки и масла,"Тонирующее масло TimberCare Wood Stain (цвет- Серая дымка- Gray mist), банка 0,75л",Остаток Алматы: 5 шт,23 100 KZT,350010,TimberCare,Нидерланды,"0,75 л"
Лаки и масла,"Проф. лак на масляной основе TimberCare Pro Oil Varnish (цвет- полуглянцевый-semi-gloss), банка 2,5л",Остаток Алматы: 5 шт,58 700 KZT,350071,TimberCare,Нидерланды,"2,5 л"
Лаки и масла,"Тонирующее масло TimberCare Wood Stain (цвет- Латте- Latte), банка 0,75л",Остаток Алматы: 4 шт,23 100 KZT,350018,TimberCare,Нидерланды,"0,75 л"
Лаки и масла,WOODEX AQUA WOOD OIL CLEAR пропитывающее средство для древесины 9,Остаток Алматы: 4 шт,74 580 KZT,9482003010,Teknos,Финляндия,9 л
Лаки и масла,"Покрытие суперстойкое кроющее TimberCare Solid Color Stain (цвет- Прозрачн-Clear base), банка 2,25л",Остаток Алматы: 4 шт,63 500 KZT,350056,TimberCare,Нидерланды,"2,25 л"
Лаки и масла,"Защитное масло с твердым воском TimberCare Hard Wax Oil (цвет- Светло-сер- Light gray), банка 0,75л",Остаток Алматы: 4 шт,32 100 KZT,350066,TimberCare,Нидерланды,"0,75 л"
Лаки и масла,"Тонирующее масло TimberCare Wood Stain (цвет- Благородный дуб- Noble oak), банка 0,2л",Остаток Алматы: 3 шт,8 100 KZT,350005,TimberCare,Нидерланды,"0,2 л"
Лаки и масла,Pinotex Lacker Aqua 10 (матовый) 1 л,Остаток Алматы: 3 шт,7 880 KZT,5254104,Pinotex,Эстония,1 л
Лаки и масла,"Тонирующее масло TimberCare Wood Stain (цвет- Лесной орех- Hazelnut), банка 0,75л",Остаток Алматы: 3 шт,23 100 KZT,350016,TimberCare,Нидерланды,"0,75 л"
Лаки и масла,"Защитное масло с твердым воском TimberCare Hard Wax Oil (цвет- Орех- English Color), банка 0,175л",Остаток Алматы: 3 шт,12 000 KZT,350101,TimberCare,Нидерланды,"0,175 л"
Лаки и масла,"Защитное покрытие IGROLUX SATINATO      LT. 2,25",Остаток Алматы: 3 шт,83 200 KZT,OISIGRS00G,Oikos,Италия,"2,25 л"
Лаки и масла,"Тонирующее масло TimberCare Wood Stain (цвет- Песчаная галька- Stone), банка 0,2л",Остаток Алматы: 3 шт,8 100 KZT,350093,TimberCare,Нидерланды,"0,2 л"
Лаки и масла,"Защитное масло с твердым воском TimberCare Hard Wax Oil (цвет- Темно-корич- Castle Br), банка 0,175л",Остаток Алматы: 3 шт,12 000 KZT,350102,TimberCare,Нидерланды,"0,175 л"
Лаки и масла,"Покрытие суперстойкое п-прозрачное TimberCare Facade Color Stain (цвет- полупрозрачный), банка 0,72л",Остаток Алматы: 3 шт,18 900 KZT,350057,TimberCare,Нидерланды,"0,72 л"
Лаки и масла,"Тонирующее масло TimberCare Wood Stain (цвет- Благородный дуб- Noble oak), банка 0,75л",Остаток Алматы: 3 шт,23 100 KZT,350006,TimberCare,Нидерланды,"0,75 л"
Лаки и масла,"Покрытие суперстойкое кроющее TimberCare Solid Color Stain (цвет- Белый- White base), банка 0,713л",Остаток Алматы: 3 шт,22 900 KZT,350053,TimberCare,Нидерланды,"0,713 л"
Лаки и масла,"Pinotex Classic красное дерево  2,7",Остаток Алматы: 3 шт,18 970 KZT,5195450,Pinotex,Эстония,"2,7 л"
Лаки и масла,"Масло для столешниц TimberCare Kitchenware Oil (цвет- прозрачный), банка 0,25л",Остаток Алматы: 2 шт,11 000 KZT,350039,TimberCare,Нидерланды,"0,25 л"
Лаки и масла,"WOODEX AQUA WOOD OIL CLEAR пропитывающее средство для древесины 0,9",Остаток Алматы: 2 шт,8 510 KZT,9482003001,Teknos,Финляндия,"0,9 л"
Лаки и масла,"HELO 15  уретано-алкидный ,специальный лак 0,9",Остаток Алматы: 2 шт,13 000 KZT,550260001,Teknos,Финляндия,"0,9 л"
Лаки и масла,"HELO 90  специальный лак 0,9",Остаток Алматы: 2 шт,12 400 KZT,550150001,Teknos,Финляндия,"0,9 л"
Лаки и масла,"Проф. лак на акриловой основе TimberCare Pro Aqua Varnish (цвет- полуглянц.-semi-gloss), банка 2,5л",Остаток Алматы: 2 шт,67 200 KZT,350075,TimberCare,Нидерланды,"2,5 л"
Лаки и масла,"HELO 40  специальный лак 0,9",Остаток Алматы: 2 шт,12 200 KZT,550370001,Teknos,Финляндия,"0,9 л"
Лаки и масла,"HELO 15  уретано-алкидный ,специальный лак 9",Остаток Алматы: 2 шт,85 500 KZT,550260010,Teknos,Финляндия,9 л
Лаки и масла,"Защитное масло с твердым воском TimberCare Hard Wax Oil (цвет- прозрачный матовый), банка 0,75л",Остаток Алматы: 2 шт,32 100 KZT,350052,TimberCare,Нидерланды,"0,75 л"
Лаки и масла,"HELO 15  уретано-алкидный ,специальный лак 2,7",Остаток Алматы: 2 шт,39 500 KZT,550260003,Teknos,Финляндия,"2,7 л"
Лаки и масла,"HELO 40  специальный лак 2,7",Остаток Алматы: 2 шт,36 200 KZT,550370003,Teknos,Финляндия,"2,7 л"
Лаки и масла,Защитное покрытие BETONCRYLL IDROREPELL.  LT. 1,Остаток Астана: 1 шт,33 900 KZT,TB0I00000E,Oikos,Италия,1 л
Лаки и масла,"Pinotex Ultra рябина  2,7",Остаток Алматы: 1 шт,10 809 KZT,5197566,Pinotex,Эстония,"2,7 л"
Лаки и масла,Pinotex Classic рябина  1,Остаток Алматы: 1 шт,6 470 KZT,5195454,Pinotex,Эстония,1 л
Лаки и масла,"Защитное покрытие IGROLUX SATINATO      LT. 0,75",Остаток Алматы: 1 шт,46 700 KZT,OISIGRS00B,Oikos,Италия,"0,75 л"
Лаки и масла,"WOODEX AQUA WOOD OIL CLEAR пропитывающее средство для древесины 2,7",Остаток Алматы: 1 шт,22 900 KZT,9482003003,Teknos,Финляндия,"2,7 л"
Лаки и масла,HELO 40  специальный лак 9,Остаток Алматы: 1 шт,83 600 KZT,550370010,Teknos,Финляндия,9 л
Лаки и масла,Лак PROTEX Паркетный полуматовый  9,Остаток Алматы: 1 шт,62 090 KZT,5255233,Marshall,Турция,9 л
Лаки и масла,"Проф. лак на акриловой основе TimberCare Pro Aqua Varnish (цвет- полуматовый- satin), банка 2,5л",Остаток Алматы: 1 шт,67 200 KZT,350074,TimberCare,Нидерланды,"2,5 л"
Лаки и масла,"Защитное масло с твердым воском TimberCare Hard Wax Oil (цвет- Шоколадный- Chocolate), банка 0,75л",Остаток Алматы: 1 шт,32 100 KZT,350062,TimberCare,Нидерланды,"0,75 л"
Лаки и масла,"Проф. лак на масляной основе TimberCare Pro Oil Varnish (цвет- шелковисто-матовый- matte), банка 2,5",Остаток Алматы: 1 шт,58 700 KZT,350069,TimberCare,Нидерланды,"2,5 л"
Лаки и масла,Pinotex Ultra рябина  1,Остаток Алматы: 1 шт,4 570 KZT,5197681,Pinotex,Эстония,1 л
Краскопульты,Безвоздушный ручной краскопульт электрический Wall Sprayer W 450,Остаток Алматы: 2 шт,52 500 KZT,2361524,Wagner,Германия,Не указан
Краскопульты,Термофен электрический Heatgun Furno 750,Остаток Алматы: 2 шт,49 900 KZT,2359358,Wagner,Германия,Не указан
Краскопульты,Термофен электрический Heat gun Furno 300,Остаток Алматы: 2 шт,18 500 KZT,2359348,Wagner,Германия,Не указан
Краскопульты,Удлинитель 30 см для распылительного пистолета  Wagner,Остаток Алматы: 2 шт,46 900 KZT,556052,Wagner,Германия,Не указан
Краскопульты,Термофен электрический Heatgun Furno 500,Остаток Алматы: 2 шт,32 000 KZT,2359352,Wagner,Германия,Не указан
Краскопульты,Краскораспылитель электрический Wagner Control Pro 350M HEA,Остаток Алматы: 1 шт,330 000 KZT,2371057,Wagner,Германия,Не указан
Краскопульты,Краскораспылитель высокого давления Wagner Power  Painter 90 SKIDHEA,Остаток Алматы: 1 шт,492 000 KZT,2414079,Wagner,Германия,Не указан
Краскопульты,Краскораспылитель электрический Wagner Control Pro 250M HEA,Остаток Алматы: 1 шт,278 500 KZT,2371053,Wagner,Германия,Не указан
Краскопульты,Краскораспылитель бытовой  Wagner Finish Contol 3500,Остаток Алматы: 1 шт,253 000 KZT,2341501,Wagner,Германия,Не указан
Краскопульты,Краскопульт электрический Wood & Metal Sprayer 100,Остаток Алматы: 1 шт,43 700 KZT,2361507,Wagner,Германия,Не указан
Аэрозольные краски,Эмаль универсальная черная матовая,Остаток Алматы: 21 шт,2 200 KZT,KU-1102,KUDO,Россия,520 мл
Аэрозольные краски,"TYTAN Краска аэрозольная, голубая, 400 мл",Остаток Алматы: 5 шт,3 213 KZT,10045800,TYTAN,Польша,400 мл
Универсальные краски,"MAESTRO Белый потолок люкс (белая)  2,5",Остаток Алматы: 43 шт,5 820 KZT,5183688,Marshall,Турция,"2,5 л"
Универсальные краски,"Краска ультраматовая д/потолков KELLY-MOORE Ceiling Paint (цвет: ultra white, flat), банка 3,78л",Остаток Алматы: 25 шт,61 450 KZT,10021-1G,KELLY-MOORE,Америка,"3,78 л"
Универсальные краски,Краска в/э матовая Veloute база  светлая 5л,Остаток Алматы: 24 шт,154 310 KZT,AMVP5,Argile,Франция,5 л
Универсальные краски,Краска Dulux 3D White матовая BW 5л,Остаток Алматы: 22 шт,32 130 KZT,5701639,Dulux,Англия,5 л
Универсальные краски,Эмаль универсальная белая матовая,Остаток Алматы: 22 шт,2 200 KZT,KU-1101,KUDO,Россия,520 мл
Универсальные краски,Эмаль универсальная черная матовая,Остаток Алматы: 21 шт,2 200 KZT,KU-1102,KUDO,Россия,520 мл
Универсальные краски,Эмаль универсальная зеленая,Остаток Алматы: 21 шт,2 200 KZT,KU-10081,KUDO,Россия,520 мл
Универсальные краски,Эмаль универсальная красная,Остаток Алматы: 19 шт,2 200 KZT,KU-1003,KUDO,Россия,520 мл
Универсальные краски,Эмаль универсальная темно-красная,Остаток Алматы: 19 шт,2 200 KZT,KU-10042,KUDO,Россия,520 мл
Универсальные краски,Эмаль универсальная синяя,Остаток Алматы: 19 шт,2 200 KZT,KU-1011,KUDO,Россия,520 мл
Универсальные краски,Эмаль универсальная голубая,Остаток Алматы: 18 шт,2 200 KZT,KU-1010,KUDO,Россия,520 мл
Универсальные краски,Краска LAQUE MATE в/э мат. база средняя 5л,Остаток Алматы: 18 шт,170 930 KZT,ALMI5,Argile,Франция,5 л
Универсальные краски,"Краска в/э матовая влагостойкая база темная 5л, Architect Matt , Paint&Paper Library",Остаток Алматы: 17 шт,121 975 KZT,PLARD5,PPL(Paint&Paper Library),Англия,5 л
Универсальные краски,"Краска в/э матовая влагостойкая база средняя 2,5л, Architect Matt , Paint&Paper Library",Остаток Алматы: 17 шт,69 050 KZT,PLARM25,PPL(Paint&Paper Library),Англия,"2,5 л"
Универсальные краски,"Краска в/э база акриловая матовая база средняя 0.25л, Pure Flat Emulsion, Paint&Paper Library",Остаток Алматы: 16 шт,11 020 KZT,PPLSPM,PPL(Paint&Paper Library),Англия,"0,25 л"
Универсальные краски,"Краска в/э матовая влагостойкая база белая 5л, Architect Matt , Paint&Paper Library",Остаток Алматы: 16 шт,121 975 KZT,PLAR5,PPL(Paint&Paper Library),Англия,5 л
Универсальные краски,Краска LAQUE MATE в/э мат. база светлая 5л,Остаток Алматы: 15 шт,170 930 KZT,ALMP5,Argile,Франция,5 л
Универсальные краски,"Краска в/э матовая влагостойкая база средняя 0,75л, Architect Matt , Paint&Paper Library",Остаток Алматы: 15 шт,37 110 KZT,PLARM075,PPL(Paint&Paper Library),Англия,"0,75 л"
Универсальные краски,"Краска в/э матовая влагостойкая база средняя 5л, Architect Matt , Paint&Paper Library",Остаток Алматы: 14 шт,121 975 KZT,PLARM5,PPL(Paint&Paper Library),Англия,5 л
Универсальные краски,"Краска LAQUE MATE в/э мат. база средняя 0,75л",Остаток Алматы: 14 шт,42 070 KZT,ALMI075,Argile,Франция,"0,75 л"
Универсальные краски,Краска  ULTRASATEN OPACO BIANCO LT.1,Остаток Алматы: 11 шт,19 800 KZT,OISULO010E,Oikos,Италия,1 л
Универсальные краски,Эмаль универсальная салатовая,Остаток Алматы: 12 шт,2 200 KZT,KU-10088,KUDO,Россия,520 мл
Универсальные краски,Смывка старой краски универсальная,Остаток Алматы: 11 шт,2 600 KZT,KU-9001,KUDO,Россия,520 мл
Универсальные краски,Краска  ULTRASATEN OPACO TR NEW LT.1,Остаток Алматы: 10 шт,16 600 KZT,OISULOTR1E,Oikos,Италия,1 л
Универсальные краски,"Краска в/э акриловая матовая база средняя 5л, Pure Flat Emulsion, Paint&Paper Library",Остаток Алматы: 10 шт,112 545 KZT,PLPFM5,PPL(Paint&Paper Library),Англия,5 л
Универсальные краски,"Краска в/э матовая влагостойкая база экстра-темная 5л, Architect Matt , Paint&Paper Library",Остаток Алматы: 10 шт,121 975 KZT,PLARE5,PPL(Paint&Paper Library),Англия,5 л
Универсальные краски,Краска в/э матовая Veloute база средняя 0.75л,Остаток Алматы: 9 шт,36 750 KZT,AMVI075,Argile,Франция,"0,75 л"
Универсальные краски,Краска  ULTRASATEN OPACO P      LT.10,Остаток Алматы: 3 шт,173 700 KZT,OISULOP00O,Oikos,Италия,10 л
Универсальные краски,"Краска в/э матовая влагостойкая база темная 0,75л, Architect Matt , Paint&Paper Library",Остаток Алматы: 9 шт,37 110 KZT,PLARD075,PPL(Paint&Paper Library),Англия,"0,75 л"
Универсальные краски,"Краска LAQUE MATE в/э мат. база светлая 2,5л",Остаток Алматы: 9 шт,96 450 KZT,ALMP25,Argile,Франция,"2,5 л"
Универсальные краски,"Краска в/э акриловая матовая база светлая 2,5л",Остаток Алматы: 9 шт,69 340 KZT,AMPP25,Argile,Франция,"2,5 л"
Универсальные краски,Краска  OTTOCENTO BIANCO      LT. 1,Остаток Алматы: 8 шт,73 400 KZT,FO0000000E,Oikos,Италия,1 л
Универсальные краски,Краска  SUPERCOLOR BIANCO        LT. 1,Остаток Алматы: 5 шт,13 400 KZT,OISSUS000E,Oikos,Италия,1 л
Универсальные краски,"Краска LAQUE MATE в/э мат. база светлая 0,75л",Остаток Алматы: 8 шт,42 070 KZT,ALMP075,Argile,Франция,"0,75 л"
Универсальные краски,Краска  SUPERCOLOR BASE I        LT. 1,Остаток Алматы: 7 шт,12 200 KZT,OISSUPI00E,Oikos,Италия,1 л
Универсальные краски,Краска  ULTRASATEN SATIN.TR NEW LT.1,Остаток Алматы: 4 шт,17 200 KZT,OISUL0TR1E,Oikos,Италия,1 л
Универсальные краски,"Краска LAQUE MATE в/э мат. база средняя 2,5л",Остаток Алматы: 8 шт,96 450 KZT,ALMI25,Argile,Франция,"2,5 л"
Универсальные краски,"Краска в/э акриловая матовая база темная 0,75л, Pure Flat Emulsion, Paint&Paper Library",Остаток Алматы: 8 шт,36 050 KZT,PLPFD075,PPL(Paint&Paper Library),Англия,"0,75 л"
Универсальные краски,Краска  ENCANTO ORO BASE      LT. 1,Остаток Алматы: 8 шт,46 800 KZT,FE000OR00E,Oikos,Италия,1 л
Универсальные краски,"Краска в/э матовая влагостойкая база экстра-темная 2,5л, Architect Matt , Paint&Paper Library",Остаток Алматы: 8 шт,69 050 KZT,PLARE25,PPL(Paint&Paper Library),Англия,"2,5 л"
Универсальные краски,Краска  OTTOCENTO BASE P      LT. 4,Остаток Алматы: 7 шт,206 500 KZT,FO000P000D,Oikos,Италия,4 л
Универсальные краски,"Краска в/э база акриловая матовая база темная 0.25л, Pure Flat Emulsion, Paint&Paper Library",Остаток Алматы: 7 шт,11 020 KZT,PPLSPD,PPL(Paint&Paper Library),Англия,"0,25 л"
Универсальные краски,Краска  ULTRASATEN OPACO TR NEW LT.4,Остаток Алматы: 2 шт,60 200 KZT,OISULOTR1D,Oikos,Италия,4 л
Универсальные краски,Краска SUPERCOLOR BASE I        LT.10,Остаток Алматы: 5 шт,107 600 KZT,OISSUPI00O,Oikos,Италия,10 л
Универсальные краски,"Краска в/э база акриловая матовая база э.-темная 0.25л, Pure Flat Emulsion, Paint&Paper Library",Остаток Алматы: 7 шт,11 020 KZT,PPLSPE,PPL(Paint&Paper Library),Англия,"0,25 л"
Универсальные краски,Краска  SUPERCOLOR BASE TR NEW   LT. 1,Остаток Алматы: 2 шт,11 600 KZT,OISSUPTR1E,Oikos,Италия,1 л
Универсальные краски,"Краска в/э матовая влагостойкая база экстра-темная 0,75л, Architect Matt , Paint&Paper Library",Остаток Алматы: 7 шт,37 110 KZT,PLARE075,PPL(Paint&Paper Library),Англия,"0,75 л"
Универсальные краски,Краска  ULTRASATEN OPACO I      LT.4,Остаток Алматы: 5 шт,67 600 KZT,OISULOI00D,Oikos,Италия,4 л
Универсальные краски,"Краска ультрамат. д-потолков KELLY-MOORE Ceiling Paint (цвет- ultra white, flat), банка 0,946л",Остаток Алматы: 6 шт,20 600 KZT,10021-1Q,KELLY-MOORE,Америка,"0,946 л"
Универсальные краски,Штукатурка MARMORINO NAT. P/BIANCO  KG. 1,Остаток Алматы: 2 шт,6 600 KZT,LMM000000T,Oikos,Италия,1 кг
Универсальные краски,"Краска M ПОТОЛОК 2,5л",Остаток Астана: 6 шт,3 715 KZT,5261402,Marshall,Турция,"2,5 л"
Универсальные краски,Эмаль универсальная коричневая,Остаток Алматы: 6 шт,2 200 KZT,KU-1012,KUDO,Россия,520 мл
Универсальные краски,Краска PALLAS BASE P LT. 4,Остаток Алматы: 4 шт,158 600 KZT,PALPAL0P0D,Oikos,Италия,4 л
Универсальные краски,Краска в/э матовая Veloute база  светлая 10л,Остаток Алматы: 5 шт,253 400 KZT,AMVP10,Argile,Франция,10 л
Универсальные краски,Краска в/э акриловая матовая база светлая 5л,Остаток Алматы: 5 шт,128 030 KZT,AMPP5,Argile,Франция,5 л
Универсальные краски,"Краска в/э акриловая матовая база  экстра-темная 5л, Pure Flat Emulsion, Paint&Paper Library",Остаток Алматы: 5 шт,112 545 KZT,PLPFE5,PPL(Paint&Paper Library),Англия,5 л
Универсальные краски,"Краска в/э акриловая матовая база  экстра-темная 2,5л, Pure Flat Emulsion, Paint&Paper Library",Остаток Алматы: 5 шт,63 880 KZT,PLPFE25,PPL(Paint&Paper Library),Англия,"2,5 л"
Универсальные краски,"Краска в/э акриловая матовая база средняя 2,5л, Pure Flat Emulsion, Paint&Paper Library",Остаток Алматы: 5 шт,63 880 KZT,PLPFM25,PPL(Paint&Paper Library),Англия,"2,5 л"
Универсальные краски,"Краска в/э акриловая матовая база средняя 0,75л, Pure Flat Emulsion, Paint&Paper Library",Остаток Алматы: 5 шт,36 050 KZT,PLPFM075,PPL(Paint&Paper Library),Англия,"0,75 л"
Универсальные краски,Краска  ULTRASATEN OPACO I      LT.1,Остаток Алматы: 5 шт,18 800 KZT,OISULOI00E,Oikos,Италия,1 л
Универсальные краски,Краска  ULTRASATEN SATIN.TR NEW LT.4,Остаток Алматы: 5 шт,63 000 KZT,OISUL0TR1D,Oikos,Италия,4 л
Универсальные краски,"Краска в/э матовая Veloute база светлая 2,5л",Остаток Алматы: 5 шт,85 960 KZT,AMVP25,Argile,Франция,"2,5 л"
Универсальные краски,Краска в/э матовая Veloute база средняя 5л,Остаток Алматы: 5 шт,154 310 KZT,AMVI5,Argile,Франция,5 л
Универсальные краски,Краска  OTTOCENTO BASE TR     LT. 1,Остаток Алматы: 4 шт,51 800 KZT,FO000TR00E,Oikos,Италия,1 л
Универсальные краски,Эмаль универсальная белая глянцевая,Остаток Алматы: 4 шт,2 200 KZT,KU-1001,KUDO,Россия,520 мл
Универсальные краски,Краска  SUPERCOLOR BIANCO        LT. 4,Остаток Алматы: 4 шт,46 800 KZT,OISSUS000D,Oikos,Италия,4 л
Универсальные краски,"Краска в/э матовая влагостойкая база темная 2.5л, Architect Matt , Paint&Paper Library",Остаток Алматы: 4 шт,69 050 KZT,PLARD25,PPL(Paint&Paper Library),Англия,"2,5 л"
Универсальные краски,Краска в/э матовая Veloute база  светлая 0.75л,Остаток Алматы: 4 шт,36 750 KZT,AMVP075,Argile,Франция,"0,75 л"
Универсальные краски,"Краска в/э акриловая матовая база белая 5л, Pure Flat Emulsion, Paint&Paper Library",Остаток Алматы: 4 шт,112 545 KZT,PLPF5,PPL(Paint&Paper Library),Англия,5 л
Универсальные краски,Краска  SUPERCOLOR BASE P        LT. 1,Остаток Алматы: 3 шт,12 700 KZT,OISSUPP00E,Oikos,Италия,1 л
Универсальные краски,"Краска в/э акриловая матовая база белая 0,75л, Pure Flat Emulsion, Paint&Paper Library",Остаток Алматы: 4 шт,36 050 KZT,PLPF075,PPL(Paint&Paper Library),Англия,"0,75 л"
Универсальные краски,"Краска в/э акриловая матовая база бесцветная 2,5л, Pure Flat Emulsion, Paint&Paper Library",Остаток Алматы: 4 шт,63 880 KZT,PLPFT25,PPL(Paint&Paper Library),Англия,"2,5 л"
Универсальные краски,"LEGEND Декоративное покрытие с эффектом замши, 2",Остаток Астана: 3 шт,67 461 KZT,MD LG-20,Maitre Deco,Франция,2 л
Универсальные краски,"Краска в/э матовая Veloute база T343, 5л",Остаток Алматы: 3 шт,,AMVT3435,Argile,Франция,5 л
Универсальные краски,Краска  ULTRASATEN OPACO P      LT.4,Остаток Алматы: 3 шт,72 800 KZT,OISULOP00D,Oikos,Италия,4 л
Универсальные краски,Краска  SUPERCOLOR BASE TR NEW   LT. 4,Остаток Алматы: 3 шт,41 400 KZT,OISSUPTR1D,Oikos,Италия,4 л
Универсальные краски,"Краска  IMPERIUM IMP  54 BASE LT. 0,25",Остаток Алматы: 1 шт,24 900 KZT,FI0000054Q,Oikos,Италия,"0,25 л"
Универсальные краски,"Краска в/э матовая влагостойкая база белая 0,75л, Architect Matt , Paint&Paper Library",Остаток Алматы: 3 шт,37 110 KZT,PLAR075,PPL(Paint&Paper Library),Англия,"0,75 л"
Универсальные краски,"Краска в/э акриловая матовая база экстра-темная 0,75л, Pure Flat Emulsion, Paint&Paper Library",Остаток Алматы: 3 шт,36 050 KZT,PPLPFE075,PPL(Paint&Paper Library),Англия,"0,75 л"
Универсальные краски,Краска  SUPERCOLOR BASE P        LT. 4,Остаток Алматы: 3 шт,45 800 KZT,OISSUPP00D,Oikos,Италия,4 л
Универсальные краски,Краска  ULTRASATEN OPACO TR NEW LT.10,Остаток Алматы: 3 шт,141 200 KZT,OISULOTR1O,Oikos,Италия,10 л
Универсальные краски,Краска  SUPERCOLOR BASE P        LT.10,Остаток Алматы: 3 шт,103 100 KZT,OISSUPP00O,Oikos,Италия,10 л
Универсальные краски,Краска  PALLAS BASE P LT. 1,Остаток Алматы: 3 шт,39 300 KZT,PALPAL0P0E,Oikos,Италия,1 л
Универсальные краски,"Краска в/э акриловая матовая база темная 2,5л, Pure Flat Emulsion, Paint&Paper Library",Остаток Алматы: 3 шт,63 880 KZT,PLPFD25,PPL(Paint&Paper Library),Англия,"2,5 л"
Универсальные краски,Краска Dulux Professional BINDO 7 матовая BC 9л,Остаток Астана: 2 шт,56 250 KZT,5309495,Dulux,Англия,9 л
Универсальные краски,"Краска Dulux 3D White матовая BW 2,5л",Остаток Алматы: 2 шт,17 370 KZT,5701640,Dulux,Англия,"2,5 л"
Универсальные краски,Краска  ULTRASATEN SATIN.P      LT.4,Остаток Алматы: 2 шт,76 200 KZT,OISUL0P00D,Oikos,Италия,4 л
Универсальные краски,Краска  ULTRASATEN SATIN.P      LT.1,Остаток Астана: 2 шт,20 400 KZT,OISUL0P00E,Oikos,Италия,1 л
Универсальные краски,Краска  OTTOCENTO BASE TR     LT. 4,Остаток Алматы: 2 шт,195 600 KZT,FO000TR00D,Oikos,Италия,4 л
Универсальные краски,Краска  ULTRASATEN OPACO I      LT.10,Остаток Алматы: 2 шт,159 900 KZT,OISULOI00O,Oikos,Италия,10 л
Универсальные краски,"Краска в/э матовая влагостойкая база бесцветная 0,75л, Architect Matt , Paint&Paper Library",Остаток Алматы: 2 шт,37 110 KZT,PLAT075,PPL(Paint&Paper Library),Англия,"0,75 л"
Универсальные краски,"Краска в/э акриловая полуматовая, б. э-темная 2,5л, Architects Satinwood, Paint&Paper Library",Остаток Алматы: 2 шт,96 580 KZT,PLASE25,PPL(Paint&Paper Library),Англия,"2,5 л"
Универсальные краски,Краска ENCANTO BIANCO BASE   LT. 4,Остаток Алматы: 2 шт,170 900 KZT,FE000BN00D,Oikos,Италия,4 л
Универсальные краски,Краска  ULTRASATEN OPACO P      LT.1,Остаток Алматы: 2 шт,19 800 KZT,OISULOP00E,Oikos,Италия,1 л
Универсальные краски,Краска  SUPERCOLOR BASE I        LT. 4,Остаток Алматы: 2 шт,44 100 KZT,OISSUPI00D,Oikos,Италия,4 л
Универсальные краски,Краска  ENCANTO GOLD BASE     LT. 1,Остаток Алматы: 2 шт,40 900 KZT,FE000GO00E,Oikos,Италия,1 л
Универсальные краски,"Краска в/э акриловая полуматовая, б. темная 0,75л, Architects Satinwood, Paint&Paper Library (100131",Остаток Алматы: 2 шт,43 660 KZT,PLASD075,PPL(Paint&Paper Library),Англия,"0,75 л"
Универсальные краски,Краска  IMPERIUM IMP  54 BASE LT. 1,Остаток Астана: 2 шт,81 200 KZT,FI0000054E,Oikos,Италия,1 л
Универсальные краски,"Краска в/э акриловая полуматовая, б. средняя 2,5л, Architects Satinwood, Paint&Paper Library",Остаток Алматы: 2 шт,96 580 KZT,PLASM25,PPL(Paint&Paper Library),Англия,"2,5 л"
Универсальные краски,"Краска Dulux Professional BINDO 7 матовая BC 0,9л",Остаток Алматы: 1 шт,7 270 KZT,5309524,Dulux,Англия,"0,9 л"
Универсальные краски,"Краска Dulux Professional BINDO 7 матовая BC 2,25л",Остаток Алматы: 1 шт,18 290 KZT,5309399,Dulux,Англия,"2,25 л"
Универсальные краски,Краска  OTTOCENTO BASE D      LT. 4,Остаток Алматы: 1 шт,203 900 KZT,FO000D000D,Oikos,Италия,4 л
Универсальные краски,"Краска в/э матовая Veloute база T412, 0.75л",Остаток Алматы: 1 шт,31 960 KZT,AMVT412075,Argile,Франция,"0,75 л"
Универсальные краски,"Краска SOIE MATE, 1 л",Остаток Алматы: 1 шт,32 488 KZT,MD SM-10,Maitre Deco,Франция,1 л
Универсальные краски,Краска LAQUE MATE в/э мат. база светлая 10л,Остаток Алматы: 1 шт,285 000 KZT,ALMP10,Argile,Франция,10 л
Универсальные краски,Краска  KREOS BIANCO          LT. 4,Остаток Алматы: 1 шт,99 400 KZT,FK0000000D,Oikos,Италия,4 л
Универсальные краски,Краска  OTTOCENTO BASE D      LT. 1,Остаток Алматы: 1 шт,55 200 KZT,FO000D000E,Oikos,Италия,1 л
Универсальные краски,Краска в/э матовая Veloute база натуральная 0.75л,Остаток Алматы: 1 шт,36 750 KZT,AMVN075,Argile,Франция,"0,75 л"
Универсальные краски,"Краска в/э матовая влагостойкая база белая 2,5л, Architect Matt , Paint&Paper Library",Остаток Алматы: 1 шт,69 050 KZT,PLAR25,PPL(Paint&Paper Library),Англия,"2,5 л"
Универсальные краски,"Краска  IMPERIUM IMP  TR BASE LT. 0,25",Остаток Алматы: 1 шт,16 700 KZT,FI00000TRQ,Oikos,Италия,"0,25 л"
Универсальные краски,"Краска IMPERIUM IMP  99 BASE LT. 0,25",Остаток Алматы: 1 шт,26 400 KZT,FI0000099Q,Oikos,Италия,"0,25 л"
Универсальные краски,"Краска в/э акриловая матовая база бесцветная 0,75л, Pure Flat Emulsion, Paint&Paper Library",Остаток Алматы: 1 шт,36 050 KZT,PLPFT075,PPL(Paint&Paper Library),Англия,"0,75 л"
Универсальные краски,"Краска LAQUE MATE в/э мат. база натуральная 0,75л",Остаток Алматы: 1 шт,42 070 KZT,ALMN075,Argile,Франция,"0,75 л"
Универсальные краски,"Краска  IMPERIUM IMP  48 BASE LT. 0,25",Остаток Алматы: 1 шт,36 400 KZT,FI0000048Q,Oikos,Италия,"0,25 л"
Универсальные краски,Краска  SUPERCOLOR BIANCO        LT.10,Остаток Алматы: 1 шт,104 800 KZT,OISSUS000O,Oikos,Италия,10 л
Универсальные краски,Краска  VELDECOR BASE P      LT. 1,Остаток Алматы: 1 шт,24 300 KZT,TV000P000E,Oikos,Италия,1 л
Универсальные краски,Краска  KREOS BIANCO          LT. 1,Остаток Алматы: 1 шт,27 100 KZT,FK0000000E,Oikos,Италия,1 л
Универсальные краски,"Краска в/э матовая Veloute база T424, 0.75л",Остаток Алматы: 1 шт,31 960 KZT,AMVT424075,Argile,Франция,"0,75 л"
Универсальные краски,"Краска в/э матовая Veloute база T812, 0.75л",Остаток Алматы: 1 шт,31 960 KZT,AMVT812075,Argile,Франция,"0,75 л"
Универсальные краски,Краска  DUCA VENEZIA BASE     LT. 1,Остаток Алматы: 1 шт,20 800 KZT,FD0000000E,Oikos,Италия,1 л
Универсальные краски,"Краска в/э матовая Veloute база T142, 0.75л",Остаток Алматы: 1 шт,31 960 KZT,AMVT142075,Argile,Франция,"0,75 л"
Универсальные краски,Краска  ENCANTO SILVER BASE   LT. 1,Остаток Алматы: 1 шт,40 900 KZT,FE000SI00E,Oikos,Италия,1 л
Универсальные краски,Краска  SUPERCOLOR BASE TR NEW   LT.10,Остаток Алматы: 1 шт,97 000 KZT,OISSUPTR1O,Oikos,Италия,10 л
Универсальные краски,Краска  IMPERIUM IMP  09 BASE LT. 1,Остаток Астана: 1 шт,54 100 KZT,FI0000009E,Oikos,Италия,1 л
Универсальные краски,Краска  IMPERIUM IMP  81 BASE LT. 1,Остаток Алматы: 1 шт,81 200 KZT,FI0000081E,Oikos,Италия,1 л
Универсальные краски,"Краска в/э матовая Veloute база T133, 0.75л",Остаток Алматы: 1 шт,31 960 KZT,AMVT133075,Argile,Франция,"0,75 л"
Универсальные краски,Краска  ENCANTO GOLD BASE     LT. 4,Остаток Алматы: 1 шт,147 700 KZT,FE000GO00D,Oikos,Италия,4 л
Универсальные краски,"Краска в/э матовая Veloute база T414, 0.75л",Остаток Алматы: 1 шт,31 960 KZT,AMVT414075,Argile,Франция,"0,75 л"
Универсальные краски,Краска  BIAMAX 07 BIANCO      LT. 1,Остаток Алматы: 1 шт,13 900 KZT,I0B700000E,Oikos,Италия,1 л
Универсальные краски,"Краска в/э матовая Veloute база T814, 0.75л",Остаток Алматы: 1 шт,31 960 KZT,AMVT814075,Argile,Франция,"0,75 л"
Универсальные краски,"Краска в/э матовая Veloute база T822, 0.75л",Остаток Алматы: 1 шт,31 960 KZT,AMVT822075,Argile,Франция,"0,75 л"
Универсальные краски,Краска  ENCANTO NERO BASE     LT. 1,Остаток Алматы: 1 шт,46 800 KZT,FE000NR00E,Oikos,Италия,1 л
Краски по металлу,Profilux Грунт эмаль по ржавчине 3 в 1 серая  5кг,Остаток Алматы: 57 шт,19 580 KZT,Н0000004990,Profilux,Германия,5 л
Краски по металлу,"Profilux Грунт эмаль по ржавчине 3 в 1 белая  1,9кг",Остаток Алматы: 43 шт,8 690 KZT,Н0000005007,Profilux,Германия,"1,9 л"
Краски по металлу,"Profilux Грунт эмаль по ржавчине 3 в 1 чёрная  1,9кг",Остаток Алматы: 41 шт,7 660 KZT,Н0000005013,Profilux,Германия,"1,9 л"
Краски по металлу,"Profilux Грунт эмаль по ржавчине 3 в 1 белая  0,9кг",Остаток Алматы: 44 шт,4 200 KZT,Н0000003471,Profilux,Германия,"0,9 л"
Краски по металлу,Dufa РАДИАТОРЫ ОТОПЛЕНИЯ эмаль акриловая база1   2л,Остаток Алматы: 37 шт,21 030 KZT,МП00-012293,DUFA,Германия,2 л
Краски по металлу,Profilux Грунт эмаль по ржавчине 3 в 1 чёрная  5кг,Остаток Алматы: 33 шт,18 770 KZT,Н0000004988,Profilux,Германия,5 л
Краски по металлу,"Profilux Грунт эмаль по ржавчине 3 в 1 чёрная  0,9кг",Остаток Алматы: 35 шт,3 760 KZT,Н0000003477,Profilux,Германия,"0,9 л"
Краски по металлу,"Dufa РАДИАТОРЫ ОТОПЛЕНИЯ эмаль алкидная база1   0,75л",Остаток Алматы: 32 шт,6 670 KZT,МП00-012294,DUFA,Германия,"0,75 л"
Краски по металлу,Краска Hammerite Гладкая RAL9005 Черная 5л (новый),Остаток Алматы: 31 шт,68 430 KZT,5811070,Hammerite,Нидерланды,5 л
Краски по металлу,"Краска HAMMER д/мет интерьерная BC 0,9л",Остаток Алматы: 28 шт,11 730 KZT,5588418,Hammerite,Нидерланды,"0,9 л"
Краски по металлу,Profilux Грунт эмаль по ржавчине 3 в 1 белая  5кг,Остаток Алматы: 29 шт,20 100 KZT,Н0000004991,Profilux,Германия,5 л
Краски по металлу,"Краска HAMMER д/мет интерьерная BC 0,5л",Остаток Алматы: 22 шт,6 810 KZT,5588417,Hammerite,Нидерланды,"0,5 л"
Краски по металлу,"Profilux Грунт эмаль по ржавчине 3 в 1 коричневая  0,9кг",Остаток Алматы: 28 шт,3 910 KZT,Н0000003499,Profilux,Германия,"0,9 л"
Краски по металлу,"Profilux Грунт эмаль по ржавчине 3 в 1 серая  1,9кг",Остаток Алматы: 26 шт,8 180 KZT,Н0000005011,Profilux,Германия,"1,9 л"
Краски по металлу,"Profilux Грунт эмаль по ржавчине 3 в 1 серая  0,9кг",Остаток Алматы: 25 шт,3 910 KZT,Н0000003475,Profilux,Германия,"0,9 л"
Краски по металлу,"Profilux Грунт эмаль по ржавчине 3 в 1 коричневая  1,9кг",Остаток Алматы: 17 шт,8 180 KZT,Н0000005010,Profilux,Германия,"1,9 л"
Краски по металлу,Краска Hammerite Гладкая RAL9003 Белая 5л (новый),Остаток Алматы: 15 шт,68 430 KZT,5811235,Hammerite,Нидерланды,5 л
Краски по металлу,Краска Hammerite Гладкая RAL9003 Белая 2л (новый),Остаток Алматы: 13 шт,32 600 KZT,5811177,Hammerite,Нидерланды,2 л
Краски по металлу,"Краска Hammerite Гладкая RAL7042 Серая 0,75л (новый)",Остаток Алматы: 11 шт,13 920 KZT,5819991,Hammerite,Нидерланды,"0,75 л"
Краски по металлу,"Краска Hammerite Гладкая RAL9003 Белая 0,75л (новый)",Остаток Алматы: 10 шт,13 920 KZT,5819992,Hammerite,Нидерланды,"0,75 л"
Краски по металлу,"Краска Hammerite Гладкая RAL8017 Коричневая 0,75л (новый)",Остаток Алматы: 3 шт,13 920 KZT,5819924,Hammerite,Нидерланды,"0,75 л"
Краски по металлу,"Краска Hammerite Total Глянцевая Коричневая RAL 8017 0,75л",Остаток Алматы: 3 шт,12 880 KZT,5575642,Hammerite,Нидерланды,"0,75 л"
Краски по металлу,"Краска HAMMER д/мет интерьерная BW 0,9л",Остаток Астана: 2 шт,11 730 KZT,5588416,Hammerite,Нидерланды,"0,9 л"
Краски по металлу,"Краска Hammerite Total Глянцевая Серая RAL 7042 0,75л",Остаток Алматы: 2 шт,12 880 KZT,5575846,Hammerite,Нидерланды,"0,75 л"
Краски по металлу,Краска Hammerite Гладкая RAL7016 Темно-серая 2л (новый),Остаток Алматы: 2 шт,32 600 KZT,5811237,Hammerite,Нидерланды,2 л
Краски по металлу,Краска Hammerite Гладкая RAL9005 Черная 2л (новый),Остаток Алматы: 2 шт,32 600 KZT,5810926,Hammerite,Нидерланды,2 л
Краски по металлу,"Краска HAMMER глад Вишнёвая 2,5л  2,5",Остаток Алматы: 2 шт,33 670 KZT,5163756,Hammerite,Нидерланды,"2,5 л"
Краски по металлу,"Краска HAMMER д/мет интерьерная BW 0,5л",Остаток Астана: 1 шт,6 810 KZT,5588360,Hammerite,Нидерланды,"0,5 л"
Краски по металлу,"Краска Hammerite молотковая Темно-Синяя   2,5",Остаток Алматы: 1 шт,33 670 KZT,5093374,Hammerite,Нидерланды,"2,5 л"
Краски по металлу,"Краска HAMMER глад Кирпич-кр 2,5л  2,5",Остаток Алматы: 1 шт,21 080 KZT,5163743,Hammerite,Нидерланды,"2,5 л"
Краски по металлу,"Краска Hammerite Total Глянцевая Серая RAL 7042 2,2л",Остаток Алматы: 1 шт,31 360 KZT,5575995,Hammerite,Нидерланды,"2,2 л"
Краски по дереву,Dufa ДЛЯ МЕБЕЛИ И ДЕРЕВЯННЫХ ИЗДЕЛИЙ  краска  база1   2л,Остаток Алматы: 64 шт,26 190 KZT,МП00-012544,DUFA,Германия,2 л
Краски по дереву,"Dufa ДЛЯ ПОЛОВ И ЛЕСТНИЦ краска  база1   0,75л",Остаток Алматы: 63 шт,11 140 KZT,МП00-012510,DUFA,Германия,"0,75 л"
Краски по дереву,"Dufa ДЛЯ МЕБЕЛИ И ДЕРЕВЯННЫХ ИЗДЕЛИЙ  краска  база1   0,75л",Остаток Алматы: 62 шт,10 770 KZT,МП00-012543,DUFA,Германия,"0,75 л"
Краски по дереву,"Dufa ОКНА, ДВЕРИ и ОТКОСЫ краска  база1   0,75л",Остаток Алматы: 57 шт,11 510 KZT,МП00-012483,DUFA,Германия,"0,75 л"
Краски по дереву,Краска Dulux Полы и Лестницы п/глянц BW 9л,Остаток Алматы: 47 шт,124 000 KZT,5327465,Dulux,Англия,9 л
Краски по дереву,"Dufa ОКНА, ДВЕРИ и ОТКОСЫ краска  база1   2л",Остаток Алматы: 38 шт,27 740 KZT,МП00-012484,DUFA,Германия,2 л
Краски по дереву,Dufa ДЛЯ ПОЛОВ И ЛЕСТНИЦ краска  база1   2л,Остаток Алматы: 40 шт,27 000 KZT,МП00-012511,DUFA,Германия,2 л
Краски по дереву,"Dufa ОКНА, ДВЕРИ и ОТКОСЫ краска  база3   0,65л",Остаток Алматы: 33 шт,11 510 KZT,МП00-012486,DUFA,Германия,"0,65 л"
Краски по дереву,"Dufa ДЕРЕВО, МЕТАЛЛ, ПЛАСТИК эмаль алкидная база1   2л",Остаток Алматы: 27 шт,24 300 KZT,МП00-012376,DUFA,Германия,2 л
Краски по дереву,"Dufa ДЕРЕВО, МЕТАЛЛ, ПЛАСТИК эмаль алкидная база3   1,75л",Остаток Алматы: 23 шт,24 300 KZT,МП00-012377,DUFA,Германия,"1,75 л"
Краски по дереву,"Краска Dulux Полы и Лестницы п/глянц BC 0,75л",Остаток Алматы: 19 шт,13 300 KZT,5327426,Dulux,Англия,"0,75 л"
Краски по дереву,"Dufa ДЕРЕВО, МЕТАЛЛ, ПЛАСТИК эмаль алкидная база1   0,75л",Остаток Алматы: 16 шт,9 920 KZT,МП00-012373,DUFA,Германия,"0,75 л"
Краски по дереву,"Dufa ДЕРЕВО, МЕТАЛЛ, ПЛАСТИК эмаль алкидная база3   0,65л",Остаток Алматы: 19 шт,9 920 KZT,МП00-012374,DUFA,Германия,"0,65 л"
Краски по дереву,"Dufa ДЛЯ ПОЛОВ И ЛЕСТНИЦ краска  база3   0,65л",Остаток Алматы: 12 шт,11 140 KZT,МП00-012512,DUFA,Германия,"0,65 л"
Краски по дереву,"Dufa ДЛЯ ПОЛОВ И ЛЕСТНИЦ краска  база3   1,75л",Остаток Алматы: 8 шт,27 000 KZT,МП00-012513,DUFA,Германия,"1,75 л"
Краски по дереву,"Dufa ДЛЯ МЕБЕЛИ И ДЕРЕВЯННЫХ ИЗДЕЛИЙ  краска  база3   0,65л",Остаток Алматы: 13 шт,10 770 KZT,МП00-012545,DUFA,Германия,"0,65 л"
Краски по дереву,"Dufa ДЛЯ МЕБЕЛИ И ДЕРЕВЯННЫХ ИЗДЕЛИЙ  краска  база3   1,75л",Остаток Алматы: 10 шт,26 190 KZT,МП00-012546,DUFA,Германия,"1,75 л"
Краски по дереву,"Pinotex Classic дуб  2,7",Остаток Алматы: 16 шт,16 860 KZT,5195465,Pinotex,Эстония,"2,7 л"
Краски по дереву,"Краска Dulux Мебель и Дерево мат BC 0,75л",Остаток Алматы: 12 шт,13 300 KZT,5327293,Dulux,Англия,"0,75 л"
Краски по дереву,Краска Dulux Полы и Лестницы п/глянц BC 2л,Остаток Алматы: 10 шт,32 230 KZT,5327415,Dulux,Англия,2 л
Краски по дереву,Краска Dulux Полы и Лестницы п/глянц BC 9л,Остаток Алматы: 9 шт,124 000 KZT,5327466,Dulux,Англия,9 л
Краски по дереву,Краска Dulux Мебель и Дерево мат BW 2л,Остаток Алматы: 9 шт,32 230 KZT,5327300,Dulux,Англия,2 л
Краски по дереву,"Dufa ОКНА, ДВЕРИ и ОТКОСЫ краска  база3   1,75л",Остаток Астана: 9 шт,27 740 KZT,МП00-012487,DUFA,Германия,"1,75 л"
Краски по дереву,"Краска Dulux Полы и Лестницы п/глянц BW 0,75л",Остаток Алматы: 4 шт,13 300 KZT,5327425,Dulux,Англия,"0,75 л"
Краски по дереву,"Краска Dulux Окна и Двери п/мат BC 0,75л",Остаток Алматы: 5 шт,13 300 KZT,5327290,Dulux,Англия,"0,75 л"
Краски по дереву,"FUTURA 40 BASE PAINT 3 полиуретановая тиксотроп.лаковая краска  0,9",Остаток Алматы: 5 шт,10 590 KZT,440003001,Teknos,Финляндия,"0,9 л"
Краски по дереву,Краска Dulux Мебель и Дерево мат BC 2л,Остаток Алматы: 2 шт,32 230 KZT,5327301,Dulux,Англия,2 л
Краски по дереву,"FUTURA 15 WHITE BASE PAINT 1 уретано-алкидная краска для мебели 2,7",Остаток Алматы: 2 шт,38 200 KZT,1350001003,Teknos,Финляндия,"2,7 л"
Краски по дереву,Краска Dulux Полы и Лестницы п/глянц BW 2л,Остаток Алматы: 1 шт,32 230 KZT,5327412,Dulux,Англия,2 л
Краски по дереву,"FUTURA 90 BASE PAINT 3 желеобразная уретано-алкидная лаковая краска  2,7",Остаток Алматы: 1 шт,31 030 KZT,420003003,Teknos,Финляндия,"2,7 л"
Краски по дереву,"FUTURA 40 WHITE BASE PAINT 1 полиуретановая тиксотроп.лаковая краска  2,7",Остаток Алматы: 1 шт,30 330 KZT,440001003,Teknos,Финляндия,"2,7 л"
Краски по дереву,"FUTURA 15 WHITE BASE PAINT 1 уретано-алкидная краска для мебели 0,9",Остаток Алматы: 1 шт,13 480 KZT,1350001001,Teknos,Финляндия,"0,9 л"
Краски по дереву,"FUTURA 15 BASE PAINT 3 уретано-алкидная краска для мебели 2,7",Остаток Алматы: 1 шт,35 310 KZT,1350003003,Teknos,Финляндия,"2,7 л"
Краски по дереву,"FUTURA 90 WHITE BASE PAINT 1 желеобразная уретано-алкидная лаковая краска  2,7",Остаток Алматы: 1 шт,35 420 KZT,420001003,Teknos,Финляндия,"2,7 л"
Клеи и герметики,TYTAN клей монтажный  CLASSIC FIX (310 мл) бесцветный,Остаток Алматы: 37 шт,5 157 KZT,10043939,TYTAN,Польша,310 мл
Клеи и герметики,TYTAN клей монтажный для зеркал (310мл) бежевый,Остаток Алматы: 13 шт,3 605 KZT,10045699,TYTAN,Польша,310 мл
Клеи и герметики,"TYTAN клей монтажный Fix² GT, 290 мл (РФ)",Остаток Алматы: 12 шт,7 641 KZT,10041771,TYTAN,Польша,290 мл
Клеи и герметики,"TYTAN герметик высокотемпературный, (310 мл), черный (КНР)",Остаток Алматы: 12 шт,5 481 KZT,ICN2809032/ICN2109032,TYTAN,Польша,310 мл
Клеи и герметики,Клей PUFAS EURO 3000 Флизелиновый специальный 500гр,Остаток Астана: 10 шт,3 440 KZT,21904000,PUFAS,Германия,500 гр
Клеи и герметики,TYTAN клей монтажный Экспресс ДЕКОР (310мл.) белый,Остаток Алматы: 9 шт,3 483 KZT,10045441/10023841,TYTAN,Польша,310 мл
Клеи и герметики,TYTAN клей монтажный  HYDRO FIX (310 мл)  бесцветный,Остаток Алматы: 8 шт,3 888 KZT,10043941,TYTAN,Польша,310 мл
Клеи и герметики,"TYTAN герметик высокотемпературный, (310 мл), красный (КНР)",Остаток Алматы: 7 шт,5 481 KZT,ICN2809036/ICN2109036,TYTAN,Польша,310 мл
Клеи и герметики,TYTAN силикон санитарный (280 мл) белый (КНР),Остаток Алматы: 3 шт,4 887 KZT,ICN2109021,TYTAN,Польша,280 мл
Клеи и герметики,Удалитель PUFAS Glutoclean накипи 500мл. 036801092,Остаток Алматы: 3 шт,3 150 KZT,36801092,PUFAS,Германия,520 мл
Клеи и герметики,Средство PUFAS Glutoclean удалитель накипи 4*1л,Остаток Алматы: 3 шт,5 060 KZT,390368-R,PUFAS,Германия,1 л
Клеи и герметики,Средство PUFAS Glutoclean очиститель для духовки и гриля 6*750мл,Остаток Алматы: 2 шт,6 100 KZT,390390-R,PUFAS,Германия,750 мл
Клеи и герметики,Средство PUFAS TAP-EX для удаления обоев 12x250мл,Остаток Алматы: 1 шт,4 550 KZT,9-05204-00,PUFAS,Германия,250 мл
Клеи и герметики,Средство PUFAS Glutoclean очиститель для ковров и мягкой мебели 6*750мл,Остаток Алматы: 1 шт,6 800 KZT,390391-R,PUFAS,Германия,750 мл
Клеи и герметики,"TYTAN герметик для аквариума и стекла (310/280 мл) беcцветный (КНР, Польша, РФ)",Остаток Алматы: 1 шт,6 818 KZT,ICN2109030,TYTAN,Польша,310 мл
Интерьерные краски,DufaPremium ВД краска KeraLine  7  база1  9л,Остаток Алматы: 351 шт,50 790 KZT,МП00-006520,DUFA,Германия,9 л
Интерьерные краски,"Profilux ВД краска PL- 13L латекс. моющаяся износоуст. СУПЕРбел  база 1, 14кг",Остаток Алматы: 336 шт,19 560 KZT,МП00-004917,Profilux,Германия,14 л
Интерьерные краски,"Dufa ВД краска EUROLATEX 7,  10л",Остаток Алматы: 207 шт,29 780 KZT,Н0000003406,DUFA,Германия,10 л
Интерьерные краски,Краска Luxium Prof Diamond Ext Matt глуб/мт BW9л,Остаток Алматы: 184 шт,108 680 KZT,50034524,LUXIUM,Англия,9 л
Интерьерные краски,DufaPremium ВД краска KeraLine  3  база1  9л,Остаток Алматы: 176 шт,32 416 KZT,МП00-006514,DUFA,Германия,9 л
Интерьерные краски,"Dufa ВД краска TREND FARBE  BLACK, RAL 9005 (черная)  10л",Остаток Алматы: 167 шт,33 530 KZT,МП00-005871,DUFA,Германия,10 л
Интерьерные краски,"ProfiluxProfessional ВД краска INTERIOR МОЮЩАЯСЯ лaтексная для стен и потолков, 13кг",Остаток Алматы: 145 шт,25 740 KZT,Н0000005771,Profilux,Германия,13 л
Интерьерные краски,Dufa ВД краска MATTLATEX RD100 база3    9л,Остаток Алматы: 132 шт,31 950 KZT,МП00-009474,DUFA,Германия,9 л
Интерьерные краски,"Краска Dulux Professional Vinyl Extra Matt глуб/мат BC 2,25л",Остаток Алматы: 127 шт,28 550 KZT,5687035,Dulux,Англия,"2,25 л"
Интерьерные краски,Краска Dulux Ultra Resist Гостиные и Офисы мат BW 1л,Остаток Алматы: 96 шт,14 800 KZT,5747799,Dulux,Англия,1 л
Интерьерные краски,"Dufa ВД краска EUROLATEX 3,  10л",Остаток Алматы: 105 шт,26 900 KZT,Н0000003404,DUFA,Германия,10 л
Интерьерные краски,"Краска Dulux Ultra Resist Гостиные и Офисы мат BW 2,5л",Остаток Алматы: 92 шт,36 160 KZT,5747797,Dulux,Англия,"2,5 л"
Интерьерные краски,"DufaPremium ВД краска KeraLine  7  база1  0,9л",Остаток Алматы: 81 шт,6 660 KZT,МП00-006518,DUFA,Германия,"0,9 л"
Интерьерные краски,"DufaPremium ВД краска KeraLine  7  база1  2,5л",Остаток Алматы: 88 шт,17 180 KZT,МП00-006519,DUFA,Германия,"2,5 л"
Интерьерные краски,"Краска Dulux Professional Diamond Extra Matt глуб/мат ВС 4,5л",Остаток Алматы: 84 шт,72 340 KZT,5717340,Dulux,Англия,"4,5 л"
Интерьерные краски,Краска Luxium Prof Diamond Ext Matt глуб/мт BW1л,Остаток Алматы: 66 шт,17 240 KZT,50034527,LUXIUM,Англия,1 л
Интерьерные краски,Краска Dulux Professional Vinyl Extra Matt глуб/мат BW 9л,Остаток Алматы: 80 шт,88 700 KZT,5685106,Dulux,Англия,9 л
Интерьерные краски,Краска Dulux Professional BINDO 3 глубокоматовая BC 9л,Остаток Алматы: 78 шт,46 360 KZT,5309392,Dulux,Англия,9 л
Интерьерные краски,Dufa ВД краска MATTLATEX RD100  9л,Остаток Алматы: 77 шт,25 560 KZT,МП00-009473,DUFA,Германия,9 л
Интерьерные краски,"ProfiluxProfessional ВД краска INTERIOR ВЛАЖНАЯ УБОРКА латексная для стен и потолков, 13кг",Остаток Алматы: 71 шт,20 630 KZT,Н0000005768,Profilux,Германия,13 л
Интерьерные краски,ProfiluxProfessional ВД краска INTERIOR МОЮЩАЯСЯ латексная для стен и потолков база 3 13кг,Остаток Алматы: 72 шт,25 740 KZT,Н0000005757,Profilux,Германия,13 л
Интерьерные краски,DufaPremium ВД краска KeraLine 20  база1  9л,Остаток Алматы: 70 шт,72 170 KZT,МП00-006526,DUFA,Германия,9 л
Интерьерные краски,"DufaPremium ВД краска KeraLine  3  база1  0,9л",Остаток Алматы: 48 шт,5 620 KZT,МП00-006512,DUFA,Германия,"0,9 л"
Интерьерные краски,"Dufa ВД краска EUROLATEX 7, база 3  10л",Остаток Алматы: 71 шт,29 780 KZT,МП00-008180,DUFA,Германия,10 л
Интерьерные краски,"ProfiluxProfessional Эмаль Акриловая Универсальная (Матовая) база 1  0,9 кг",Остаток Алматы: 62 шт,5 750 KZT,МП00-000032,Profilux,Германия,"0,9 л"
Интерьерные краски,"Profilux ВД краска PL- 13L латекс. моющаяся износоуст. СУПЕРбел  база 1,  7кг",Остаток Алматы: 64 шт,10 360 KZT,Н0000001061,Profilux,Германия,7 л
Интерьерные краски,"Dufa ВД краска TREND FARBE  BLACK, RAL 9005 (черная)   5л",Остаток Алматы: 62 шт,17 400 KZT,МП00-006782,DUFA,Германия,5 л
Интерьерные краски,DufaPremium ВД краска KeraLine  7  база3  9л,Остаток Алматы: 57 шт,50 790 KZT,МП00-006523,DUFA,Германия,9 л
Интерьерные краски,Dufa ВД краска SUPERWEISS RD4  9л,Остаток Алматы: 61 шт,28 700 KZT,МП00-009475,DUFA,Германия,9 л
Интерьерные краски,"Краска Luxium Prof Diamond Max Protect мт BW4,5л",Остаток Алматы: 57 шт,78 630 KZT,50035252,LUXIUM,Англия,"4,5 л"
Интерьерные краски,"Dufa ВД краска TREND FARBE  BLACK, RAL 9005 (черная)   2,5л",Остаток Алматы: 53 шт,10 040 KZT,МП00-006781,DUFA,Германия,"2,5 л"
Интерьерные краски,DufaPremium ВД краска KeraMatt  база1  9л,Остаток Алматы: 49 шт,106 040 KZT,МП00-008320,DUFA,Германия,9 л
Интерьерные краски,"Краска Luxium Prof Diamond Ext Matt глуб/мт BW4,5л",Остаток Алматы: 50 шт,72 340 KZT,50034525,LUXIUM,Англия,"4,5 л"
Интерьерные краски,Краска Dulux Ultra Resist Гостиные и Офисы мат ВС 9л,Остаток Алматы: 41 шт,119 890 KZT,5747804,Dulux,Англия,9 л
Интерьерные краски,ProfiluxProfessional Эмаль Акриловая Универсальная (Матовая) база 3 10 кг,Остаток Алматы: 44 шт,44 020 KZT,МП00-005441,Profilux,Германия,10 л
Интерьерные краски,"MAESTRO Белый потолок люкс (белая)  2,5",Остаток Алматы: 43 шт,5 820 KZT,5183688,Marshall,Турция,"2,5 л"
Интерьерные краски,DufaPremium ВД краска KeraMatt  база3  9л,Остаток Алматы: 42 шт,106 040 KZT,МП00-008331,DUFA,Германия,9 л
Интерьерные краски,"DufaPremium ВД краска KeraMatt  база3  0,9л",Остаток Алматы: 41 шт,11 520 KZT,МП00-008329,DUFA,Германия,"0,9 л"
Интерьерные краски,"Краска Dulux Ultra Resist Гостиные и Офисы мат ВС 0,9л",Остаток Алматы: 31 шт,14 800 KZT,5747857,Dulux,Англия,"0,9 л"
Интерьерные краски,"ProfiluxProfessional ВД краска INTERIOR МОЮЩАЯСЯ лaтексная для стен и потолков,  2,5кг",Остаток Алматы: 38 шт,7 330 KZT,Н0000005770,Profilux,Германия,"2,5 л"
Интерьерные краски,DufaPremium ВД краска KeraLine 20  база3  9л,Остаток Алматы: 38 шт,72 170 KZT,МП00-006529,DUFA,Германия,9 л
Интерьерные краски,"ProfiluxProfessional Эмаль Акриловая Универсальная (Матовая) база 1  2,4 кг",Остаток Алматы: 36 шт,14 060 KZT,МП00-000033,Profilux,Германия,"2,4 л"
Интерьерные краски,Краска Marshall EXPORT КУХНИ И ВАННЫЕ матовая латексная BW 9л,Остаток Алматы: 32 шт,44 910 KZT,5316072,Marshall,Турция,9 л
Интерьерные краски,"Dufa ВД краска SUPERWEISS RD4  2,5л",Остаток Алматы: 32 шт,9 230 KZT,Н0000000395,DUFA,Германия,"2,5 л"
Интерьерные краски,"Profilux ВД краска PL- 13L латекс. моющаяся износоуст. СУПЕРбел  база 1,  1,4кг",Остаток Алматы: 33 шт,2 780 KZT,Н0000004180,Profilux,Германия,"1,4 л"
Интерьерные краски,"Краска Luxium Prof Diamond Ext Matt глуб/мт BW2,5л",Остаток Алматы: 35 шт,42 220 KZT,50034526,LUXIUM,Англия,"2,5 л"
Интерьерные краски,Краска Dulux Professional Diamond Max Protect мат BW 1л,Остаток Алматы: 31 шт,17 810 KZT,5834137,Dulux,Англия,1 л
Интерьерные краски,Краска DX Easy мат BW 9л,Остаток Алматы: 30 шт,60 730 KZT,5733522,Dulux,Англия,9 л
Интерьерные краски,"Dufa ВД краска EUROLATEX 3,   2,5л",Остаток Алматы: 32 шт,8 520 KZT,Н0000003405,DUFA,Германия,"2,5 л"
Интерьерные краски,"Dufa ВД краска EUROLATEX 7,   2,5л",Остаток Алматы: 31 шт,9 310 KZT,Н0000003407,DUFA,Германия,"2,5 л"
Интерьерные краски,"Profilux ВД краска PL- 13L латекс. моющаяся износоуст. СУПЕРбел  база 1,  3кг",Остаток Алматы: 32 шт,5 260 KZT,Н0000001059,Profilux,Германия,3 л
Интерьерные краски,"Краска Dulux Vinyl Extra Matt,BС 0,9л",Остаток Алматы: 31 шт,11 120 KZT,5687036,Dulux,Англия,"0,9 л"
Интерьерные краски,Краска Dulux Professional BINDO 40 полуглянцевая BW 9л,Остаток Алматы: 29 шт,106 460 KZT,5302493,Dulux,Англия,9 л
Интерьерные краски,"DufaPremium ВД краска KeraMatt  база1  0,9л",Остаток Алматы: 28 шт,11 520 KZT,МП00-008313,DUFA,Германия,"0,9 л"
Интерьерные краски,"Dufa ВД краска MATTLATEX RD100  2,5л",Остаток Алматы: 27 шт,12 050 KZT,Н0000000247,DUFA,Германия,"2,5 л"
Интерьерные краски,"Dufa ВД краска MATTLATEX RD100 база3    2,5л",Остаток Алматы: 31 шт,12 050 KZT,МП00-009595,DUFA,Германия,"2,5 л"
Интерьерные краски,"Краска DX Easy мат BW 2,5л",Остаток Алматы: 23 шт,19 580 KZT,5733764,Dulux,Англия,"2,5 л"
Интерьерные краски,"DufaPremium ВД краска KeraLine  3  база1  2,5л",Остаток Алматы: 24 шт,13 430 KZT,МП00-006513,DUFA,Германия,"2,5 л"
Интерьерные краски,"DufaPremium ВД краска KeraLine 20  база1  2,5л",Остаток Алматы: 27 шт,22 590 KZT,МП00-006525,DUFA,Германия,"2,5 л"
Интерьерные краски,"Краска Dulux Ultra Resist Гостиные и Офисы мат ВС 2,25л",Остаток Алматы: 16 шт,36 160 KZT,5747851,Dulux,Англия,"2,25 л"
Интерьерные краски,"ProfiluxProfessional ВД краска INTERIOR ВЛАЖНАЯ УБОРКА латексная для стен и потолков,  2,5кг",Остаток Алматы: 26 шт,6 020 KZT,Н0000005769,Profilux,Германия,"2,5 л"
Интерьерные краски,DufaPremium ВД краска KeraLine  3  база3  9л,Остаток Алматы: 22 шт,40 520 KZT,МП00-006517,DUFA,Германия,9 л
Интерьерные краски,"DufaPremium ВД краска KeraLine  7  база3  2,5л",Остаток Алматы: 20 шт,17 180 KZT,МП00-006522,DUFA,Германия,"2,5 л"
Интерьерные краски,"Краска Dulux Ultra Resist Кухня и Ванная мат ВС 4,5л",Остаток Алматы: 23 шт,58 120 KZT,5757404,Dulux,Англия,"4,5 л"
Интерьерные краски,"Dufa ВД краска MATTLATEX RD100  0,9л",Остаток Алматы: 24 шт,5 120 KZT,МП00-009510,DUFA,Германия,"0,9 л"
Интерьерные краски,"Краска профессиональная интерьерная KELLY-MOORE Premium Prof (цвет: white base, flat), банка 3,78л",Остаток Алматы: 26 шт,62 600 KZT,1005-1-1G,KELLY-MOORE,Америка,"3,78 л"
Интерьерные краски,"DufaPremium ВД краска KeraLine  7  база3  0,9л",Остаток Алматы: 17 шт,6 660 KZT,МП00-006521,DUFA,Германия,"0,9 л"
Интерьерные краски,"DufaPremium ВД краска KeraLine 20  база1  0,9л",Остаток Алматы: 22 шт,8 980 KZT,МП00-006524,DUFA,Германия,"0,9 л"
Интерьерные краски,"Dufa HOME ВД краска Acrylic matt  база1   0,9л",Остаток Алматы: 22 шт,14 150 KZT,МП00-009865,DUFA,Германия,"0,9 л"
Интерьерные краски,Краска в/э матовая Veloute база  светлая 5л,Остаток Алматы: 24 шт,154 310 KZT,AMVP5,Argile,Франция,5 л
Интерьерные краски,"Краска Dulux Professional Diamond Max Protect мат BW 2,5л",Остаток Алматы: 18 шт,46 740 KZT,5834265,Dulux,Англия,"2,5 л"
Интерьерные краски,Краска LAQUE MATE в/э мат. база средняя 10л,Остаток Алматы: 22 шт,285 000 KZT,ALMI10,Argile,Франция,10 л
Интерьерные краски,"Краска Dulux Professional BINDO 40 полуглянцевая BW 4,5л",Остаток Алматы: 19 шт,57 790 KZT,5309533,Dulux,Англия,"4,5 л"
Интерьерные краски,"Dufa HOME ВД краска Performance matt база1  0,9л",Остаток Алматы: 18 шт,12 150 KZT,МП00-009864,DUFA,Германия,"0,9 л"
Интерьерные краски,"Краска Dulux Vinyl Extra Matt,BW 2,5л",Остаток Алматы: 20 шт,28 550 KZT,5686368,Dulux,Англия,"2,5 л"
Интерьерные краски,"Краска Dulux Professional Vinyl Extra Matt глуб/мат BW 4,5л",Остаток Алматы: 19 шт,48 170 KZT,5685869,Dulux,Англия,"4,5 л"
Интерьерные краски,"Dufa HOME ВД краска Ultra matt база1  0,9л",Остаток Алматы: 18 шт,17 920 KZT,МП00-009866,DUFA,Германия,"0,9 л"
Интерьерные краски,"Краска антивандальная интерьерная KELLY-MOORE DuraPoxy (цвет- white base, eggshell), банка 3,78л",Остаток Алматы: 21 шт,81 000 KZT,1686-121-1G,KELLY-MOORE,Америка,"3,78 л"
Интерьерные краски,"Краска Dulux Easy/Легко обновить обои мат BC 2,25л",Остаток Алматы: 18 шт,19 580 KZT,5733765,Dulux,Англия,"2,25 л"
Интерьерные краски,Dufa HOME ВД краска Acrylic matt  база1  9л,Остаток Алматы: 18 шт,118 170 KZT,МП00-009628,DUFA,Германия,9 л
Интерьерные краски,"DufaPremium ВД краска KeraLine  3  база3  2,5л",Остаток Алматы: 19 шт,13 430 KZT,МП00-006516,DUFA,Германия,"2,5 л"
Интерьерные краски,"ProfiluxProfessional ВД краска INTERIOR МОЮЩАЯСЯ латексная для стен и потолков база 3  2,5кг",Остаток Алматы: 19 шт,7 330 KZT,Н0000005756,Profilux,Германия,"2,5 л"
Интерьерные краски,"Dufa ВД краска SUPERWEISS RD4  0,9л",Остаток Алматы: 19 шт,4 400 KZT,МП00-009513,DUFA,Германия,"0,9 л"
Интерьерные краски,"Краска Luxium Prof Diamond Ext Matt глуб/мт BC0,9л",Остаток Алматы: 14 шт,17 240 KZT,50034538,LUXIUM,Англия,"0,9 л"
Интерьерные краски,Dulux Easy BW  мат 5,Остаток Алматы: 16 шт,36 190 KZT,5733762,Dulux,Англия,5 л
Интерьерные краски,"DufaPremium ВД краска KeraLine  3  база3  0,9л",Остаток Алматы: 14 шт,5 620 KZT,МП00-006515,DUFA,Германия,"0,9 л"
Интерьерные краски,Краска LAQUE MATE в/э мат. база средняя 5л,Остаток Алматы: 18 шт,170 930 KZT,ALMI5,Argile,Франция,5 л
Интерьерные краски,"ProfiluxProfessional Эмаль Акриловая Универсальная (Матовая) база 3  0,9 кг",Остаток Алматы: 17 шт,5 750 KZT,МП00-000034,Profilux,Германия,"0,9 л"
Интерьерные краски,"Dufa HOME ВД краска Acrylic matt  база1   2,5л",Остаток Алматы: 15 шт,36 830 KZT,МП00-009627,DUFA,Германия,"2,5 л"
Интерьерные краски,"DufaPremium ВД краска KeraLine 20  база3  2,5л",Остаток Алматы: 17 шт,22 590 KZT,МП00-006528,DUFA,Германия,"2,5 л"
Интерьерные краски,"Краска в/э матовая влагостойкая база темная 5л, Architect Matt , Paint&Paper Library",Остаток Алматы: 17 шт,121 975 KZT,PLARD5,PPL(Paint&Paper Library),Англия,5 л
Интерьерные краски,"Краска в/э матовая влагостойкая база средняя 2,5л, Architect Matt , Paint&Paper Library",Остаток Алматы: 17 шт,69 050 KZT,PLARM25,PPL(Paint&Paper Library),Англия,"2,5 л"
Интерьерные краски,"Краска в/э база акриловая матовая база средняя 0.25л, Pure Flat Emulsion, Paint&Paper Library",Остаток Алматы: 16 шт,11 020 KZT,PPLSPM,PPL(Paint&Paper Library),Англия,"0,25 л"
Интерьерные краски,"Краска в/э матовая влагостойкая база белая 5л, Architect Matt , Paint&Paper Library",Остаток Алматы: 16 шт,121 975 KZT,PLAR5,PPL(Paint&Paper Library),Англия,5 л
Интерьерные краски,"Краска Dulux Professional Vinyl Extra Matt глуб/мат BC 4,5л",Остаток Алматы: 16 шт,48 170 KZT,5687033,Dulux,Англия,"4,5 л"
Интерьерные краски,Краска Dulux TRADE Vinyl Matt матовая bs BW  1,Остаток Алматы: 7 шт,11 280 KZT,5183608,Dulux,Англия,1 л
Интерьерные краски,Краска LAQUE MATE в/э мат. база светлая 5л,Остаток Алматы: 15 шт,170 930 KZT,ALMP5,Argile,Франция,5 л
Интерьерные краски,"DufaPremium ВД краска KeraMatt  база1  2,5л",Остаток Алматы: 11 шт,29 740 KZT,МП00-008319,DUFA,Германия,"2,5 л"
Интерьерные краски,"Краска в/э матовая влагостойкая база средняя 0,75л, Architect Matt , Paint&Paper Library",Остаток Алматы: 15 шт,37 110 KZT,PLARM075,PPL(Paint&Paper Library),Англия,"0,75 л"
Интерьерные краски,Краска Dulux Professional BINDO 20 полуматовая BC 9л,Остаток Алматы: 5 шт,74 840 KZT,5309532,Dulux,Англия,9 л
Интерьерные краски,"Краска Dulux Professional BINDO 3 глубокоматовая BC 4,5л",Остаток Алматы: 8 шт,24 620 KZT,5309380,Dulux,Англия,"4,5 л"
Интерьерные краски,"Краска в/э матовая влагостойкая база средняя 5л, Architect Matt , Paint&Paper Library",Остаток Алматы: 14 шт,121 975 KZT,PLARM5,PPL(Paint&Paper Library),Англия,5 л
Интерьерные краски,"Краска LAQUE MATE в/э мат. база средняя 0,75л",Остаток Алматы: 14 шт,42 070 KZT,ALMI075,Argile,Франция,"0,75 л"
Интерьерные краски,ProfiluxProfessional Эмаль Акриловая Универсальная (Матовая) база 1 10 кг,Остаток Алматы: 12 шт,44 020 KZT,МП00-005087,Profilux,Германия,10 л
Интерьерные краски,"DufaPremium ВД краска KeraMatt  база3  2,5л",Остаток Алматы: 13 шт,29 740 KZT,МП00-008330,DUFA,Германия,"2,5 л"
Интерьерные краски,"DufaPremium ВД краска KeraLine 20  база3  0,9л",Остаток Алматы: 13 шт,8 980 KZT,МП00-006527,DUFA,Германия,"0,9 л"
Интерьерные краски,Краска Dulux Professional BINDO 20 полуматовая BW 1л,Остаток Алматы: 6 шт,10 280 KZT,5309511,Dulux,Англия,1 л
Интерьерные краски,Dufa HOME ВД краска Ultra matt база1  9л,Остаток Алматы: 10 шт,156 920 KZT,МП00-009625,DUFA,Германия,9 л
Интерьерные краски,"Dufa HOME ВД краска Ultra matt база1  2,5л",Остаток Алматы: 10 шт,47 980 KZT,МП00-009622,DUFA,Германия,"2,5 л"
Интерьерные краски,Краска Dulux Professional Diamond Extra Matt глуб/мат BW 1л,Остаток Алматы: 8 шт,17 240 KZT,5717335,Dulux,Англия,1 л
Интерьерные краски,Краска Сharmant Solid глубокоматовая моющаяся акрил-уретановая  база А 9 л,Остаток Алматы: 11 шт,213 900 KZT,00-00010115-90,Charmant,Россия,9 л
Интерьерные краски,"Dufa ВД краска MATTLATEX RD100 база3    0,9л",Остаток Алматы: 10 шт,5 120 KZT,МП00-009512,DUFA,Германия,"0,9 л"
Интерьерные краски,"Dufa HOME ВД краска Ultra matt база3  0,9л",Остаток Алматы: 10 шт,17 920 KZT,МП00-009871,DUFA,Германия,"0,9 л"
Интерьерные краски,"Краска в/э акриловая матовая база средняя 5л, Pure Flat Emulsion, Paint&Paper Library",Остаток Алматы: 10 шт,112 545 KZT,PLPFM5,PPL(Paint&Paper Library),Англия,5 л
Интерьерные краски,"Краска в/э матовая влагостойкая база экстра-темная 5л, Architect Matt , Paint&Paper Library",Остаток Алматы: 10 шт,121 975 KZT,PLARE5,PPL(Paint&Paper Library),Англия,5 л
Интерьерные краски,"Краска Luxium Prof Diamond Max Protect мт BС4,5л",Остаток Алматы: 10 шт,78 630 KZT,50035256,LUXIUM,Англия,"4,5 л"
Интерьерные краски,"Краска Dulux Professional Diamond Extra Matt глуб/мат ВС 0,9л",Остаток Алматы: 8 шт,17 240 KZT,5717509,Dulux,Англия,"0,9 л"
Интерьерные краски,"Краска Dulux Ultra Resist Для детской BC  2,25",Остаток Алматы: 9 шт,17 770 KZT,5239227,Dulux,Англия,"2,25 л"
Интерьерные краски,Краска в/э матовая Veloute база средняя 0.75л,Остаток Алматы: 9 шт,36 750 KZT,AMVI075,Argile,Франция,"0,75 л"
Интерьерные краски,Dufa HOME ВД краска Acrylic matt  база3  9л,Остаток Алматы: 9 шт,118 170 KZT,МП00-009870,DUFA,Германия,9 л
Интерьерные краски,"Краска в/э матовая влагостойкая база темная 0,75л, Architect Matt , Paint&Paper Library",Остаток Алматы: 9 шт,37 110 KZT,PLARD075,PPL(Paint&Paper Library),Англия,"0,75 л"
Интерьерные краски,"Краска LAQUE MATE в/э мат. база светлая 2,5л",Остаток Алматы: 9 шт,96 450 KZT,ALMP25,Argile,Франция,"2,5 л"
Интерьерные краски,"Краска в/э акриловая матовая база светлая 2,5л",Остаток Алматы: 9 шт,69 340 KZT,AMPP25,Argile,Франция,"2,5 л"
Интерьерные краски,"Краска Dulux Professional Diamond Extra Matt глуб/мат BW4,5n",Остаток Алматы: 5 шт,72 340 KZT,5717202,Dulux,Англия,"4,5 л"
Интерьерные краски,"Краска Dulux Professional BINDO 20 полуматовая BC 0,9л",Остаток Алматы: 3 шт,10 280 KZT,5309526,Dulux,Англия,"0,9 л"
Интерьерные краски,"Dufa HOME ВД краска Acrylic matt  база3   0,9л",Остаток Алматы: 8 шт,14 150 KZT,МП00-009868,DUFA,Германия,"0,9 л"
Интерьерные краски,"Краска LAQUE MATE в/э мат. база светлая 0,75л",Остаток Алматы: 8 шт,42 070 KZT,ALMP075,Argile,Франция,"0,75 л"
Интерьерные краски,"ProfiluxProfessional Эмаль Акриловая Универсальная (Матовая) база 3  2,4 кг",Остаток Алматы: 8 шт,14 060 KZT,МП00-000035,Profilux,Германия,"2,4 л"
Интерьерные краски,Dufa HOME ВД краска Ultra matt база3  9л,Остаток Алматы: 8 шт,156 920 KZT,МП00-009873,DUFA,Германия,9 л
Интерьерные краски,"Краска антивандальная интерьерная KELLY-MOORE DuraPoxy (цвет- neutral base, matte), банка 3,78л",Остаток Алматы: 8 шт,68 350 KZT,1600-555-1G,KELLY-MOORE,Америка,"3,78 л"
Интерьерные краски,"Dufa HOME ВД краска Ultra matt база3  2,5л",Остаток Алматы: 8 шт,47 980 KZT,МП00-009872,DUFA,Германия,"2,5 л"
Интерьерные краски,"Dufa HOME ВД краска Acrylic matt  база3   2,5л",Остаток Алматы: 8 шт,36 830 KZT,МП00-009869,DUFA,Германия,"2,5 л"
Интерьерные краски,"Краска LAQUE MATE в/э мат. база средняя 2,5л",Остаток Алматы: 8 шт,96 450 KZT,ALMI25,Argile,Франция,"2,5 л"
Интерьерные краски,"Краска в/э акриловая матовая база темная 0,75л, Pure Flat Emulsion, Paint&Paper Library",Остаток Алматы: 8 шт,36 050 KZT,PLPFD075,PPL(Paint&Paper Library),Англия,"0,75 л"
Интерьерные краски,"Краска в/э матовая влагостойкая база экстра-темная 2,5л, Architect Matt , Paint&Paper Library",Остаток Алматы: 8 шт,69 050 KZT,PLARE25,PPL(Paint&Paper Library),Англия,"2,5 л"
Интерьерные краски,"Краска антивандальная интерьерная KELLY-MOORE DuraPoxy (цвет- deep base, eggshell), банка 3,78л",Остаток Алматы: 7 шт,76 400 KZT,1686-333-1G,KELLY-MOORE,Америка,"3,78 л"
Интерьерные краски,"Краска в/э база акриловая матовая база темная 0.25л, Pure Flat Emulsion, Paint&Paper Library",Остаток Алматы: 7 шт,11 020 KZT,PPLSPD,PPL(Paint&Paper Library),Англия,"0,25 л"
Интерьерные краски,"Dufa HOME ВД краска Performance matt база1  2,5л",Остаток Алматы: 5 шт,31 830 KZT,МП00-009629,DUFA,Германия,"2,5 л"
Интерьерные краски,"Краска в/э база акриловая матовая база э.-темная 0.25л, Pure Flat Emulsion, Paint&Paper Library",Остаток Алматы: 7 шт,11 020 KZT,PPLSPE,PPL(Paint&Paper Library),Англия,"0,25 л"
Интерьерные краски,"Краска антивандальная интерьерная KELLY-MOORE DuraPoxy (цвет- medium base, eggshell), банка 3,78л",Остаток Алматы: 7 шт,79 700 KZT,1686-222-1G,KELLY-MOORE,Америка,"3,78 л"
Интерьерные краски,"Краска в/э матовая влагостойкая база экстра-темная 0,75л, Architect Matt , Paint&Paper Library",Остаток Алматы: 7 шт,37 110 KZT,PLARE075,PPL(Paint&Paper Library),Англия,"0,75 л"
Интерьерные краски,Краска Dulux Ultra Resist Кухня и Ванная мат BW 1л,Остаток Алматы: 2 шт,14 650 KZT,5757360,Dulux,Англия,1 л
Интерьерные краски,"Краска M ПОТОЛОК 2,5л",Остаток Астана: 6 шт,3 715 KZT,5261402,Marshall,Турция,"2,5 л"
Интерьерные краски,"Краска Dulux Ultra Resist Кухня и Ванная мат BW 2,5л",Остаток Алматы: 5 шт,31 230 KZT,5757354,Dulux,Англия,"2,5 л"
Интерьерные краски,Краска Dulux Professional BINDO 3 глубокоматовая BW 1л,Остаток Алматы: 5 шт,6 550 KZT,5309019,Dulux,Англия,1 л
Интерьерные краски,"Краска Dulux Professional BINDO 20 полуматовая BW 2,5л",Остаток Алматы: 4 шт,23 680 KZT,5309518,Dulux,Англия,"2,5 л"
Интерьерные краски,Краска в/э матовая Veloute база  светлая 10л,Остаток Алматы: 5 шт,253 400 KZT,AMVP10,Argile,Франция,10 л
Интерьерные краски,Dufa HOME ВД краска Performance matt база1  9л,Остаток Алматы: 3 шт,103 100 KZT,МП00-009630,DUFA,Германия,9 л
Интерьерные краски,"Краска Dulux Professional BINDO 20 полуматовая BC 2,25л",Остаток Астана: 5 шт,23 680 KZT,5309528,Dulux,Англия,"2,25 л"
Интерьерные краски,Краска в/э акриловая матовая база светлая 5л,Остаток Алматы: 5 шт,128 030 KZT,AMPP5,Argile,Франция,5 л
Интерьерные краски,"Краска в/э акриловая матовая база  экстра-темная 5л, Pure Flat Emulsion, Paint&Paper Library",Остаток Алматы: 5 шт,112 545 KZT,PLPFE5,PPL(Paint&Paper Library),Англия,5 л
Интерьерные краски,"Краска в/э акриловая матовая база  экстра-темная 2,5л, Pure Flat Emulsion, Paint&Paper Library",Остаток Алматы: 5 шт,63 880 KZT,PLPFE25,PPL(Paint&Paper Library),Англия,"2,5 л"
Интерьерные краски,"Краска в/э акриловая матовая база средняя 2,5л, Pure Flat Emulsion, Paint&Paper Library",Остаток Алматы: 5 шт,63 880 KZT,PLPFM25,PPL(Paint&Paper Library),Англия,"2,5 л"
Интерьерные краски,"Краска в/э акриловая матовая база средняя 0,75л, Pure Flat Emulsion, Paint&Paper Library",Остаток Алматы: 5 шт,36 050 KZT,PLPFM075,PPL(Paint&Paper Library),Англия,"0,75 л"
Интерьерные краски,"Краска в/э матовая Veloute база светлая 2,5л",Остаток Алматы: 5 шт,85 960 KZT,AMVP25,Argile,Франция,"2,5 л"
Интерьерные краски,Краска в/э матовая Veloute база средняя 5л,Остаток Алматы: 5 шт,154 310 KZT,AMVI5,Argile,Франция,5 л
Интерьерные краски,"Краска антивандальная интерьерная KELLY-MOORE DuraPoxy (цвет- medium base, matte), банка 0,946л",Остаток Алматы: 4 шт,31 300 KZT,1600-222-1Q,KELLY-MOORE,Америка,"0,946 л"
Интерьерные краски,"Краска в/э матовая влагостойкая база темная 2.5л, Architect Matt , Paint&Paper Library",Остаток Алматы: 4 шт,69 050 KZT,PLARD25,PPL(Paint&Paper Library),Англия,"2,5 л"
Интерьерные краски,Краска в/э матовая Veloute база  светлая 0.75л,Остаток Алматы: 4 шт,36 750 KZT,AMVP075,Argile,Франция,"0,75 л"
Интерьерные краски,"Краска в/э акриловая матовая база белая 5л, Pure Flat Emulsion, Paint&Paper Library",Остаток Алматы: 4 шт,112 545 KZT,PLPF5,PPL(Paint&Paper Library),Англия,5 л
Интерьерные краски,"Краска в/э акриловая матовая база белая 0,75л, Pure Flat Emulsion, Paint&Paper Library",Остаток Алматы: 4 шт,36 050 KZT,PLPF075,PPL(Paint&Paper Library),Англия,"0,75 л"
Интерьерные краски,"Краска Charmant Ultra ультраматовая акрил-уретановая, база А 2,7 л",Остаток Алматы: 1 шт,86 400 KZT,00-00012991-27,Charmant,Россия,"2,7 л"
Интерьерные краски,"Краска в/э акриловая матовая база бесцветная 2,5л, Pure Flat Emulsion, Paint&Paper Library",Остаток Алматы: 4 шт,63 880 KZT,PLPFT25,PPL(Paint&Paper Library),Англия,"2,5 л"
Интерьерные краски,"Краска Dulux Professional BINDO 7 матовая BW 2,5л",Остаток Алматы: 3 шт,18 290 KZT,5309396,Dulux,Англия,"2,5 л"
Интерьерные краски,Краска Dulux Ultra Resist Для Детской мат BW 5л,Остаток Астана: 3 шт,56 490 KZT,5757447,Dulux,Англия,5 л
Интерьерные краски,"Краска Dulux Vinyl Extra Matt., BW 1л",Остаток Алматы: 3 шт,11 120 KZT,5686372,Dulux,Англия,1 л
Интерьерные краски,"Краска Charmant Ultra ультраматовая акрил-уретановая, база А 9 л",Остаток Алматы: 1 шт,261 400 KZT,00-00012991-90,Charmant,Россия,9 л
Интерьерные краски,"Краска в/э матовая влагостойкая база белая 0,75л, Architect Matt , Paint&Paper Library",Остаток Алматы: 3 шт,37 110 KZT,PLAR075,PPL(Paint&Paper Library),Англия,"0,75 л"
Интерьерные краски,"Краска в/э акриловая матовая база экстра-темная 0,75л, Pure Flat Emulsion, Paint&Paper Library",Остаток Алматы: 3 шт,36 050 KZT,PPLPFE075,PPL(Paint&Paper Library),Англия,"0,75 л"
Интерьерные краски,"Краска в/э акриловая матовая база темная 2,5л, Pure Flat Emulsion, Paint&Paper Library",Остаток Алматы: 3 шт,63 880 KZT,PLPFD25,PPL(Paint&Paper Library),Англия,"2,5 л"
Интерьерные краски,"Краска Charmant Ultra ультраматовая акрил-уретановая, база С 2,7 л",Остаток Алматы: 3 шт,86 400 KZT,00-00012992-27,Charmant,Россия,"2,7 л"
Интерьерные краски,Краска Dulux Professional BINDO 7 матовая BC 9л,Остаток Астана: 2 шт,56 250 KZT,5309495,Dulux,Англия,9 л
Интерьерные краски,Dulux Easy BC   9,Остаток Алматы: 1 шт,33 280 KZT,5183567,Dulux,Англия,9 л
Интерьерные краски,"Краска Dulux Ultra Resist Кухня и Ванная мат ВС 0,9л",Остаток Алматы: 2 шт,14 650 KZT,5757410,Dulux,Англия,"0,9 л"
Интерьерные краски,"Краска Dulux Ultra Resist Кухня и Ванная мат ВС 2,25л",Остаток Астана: 2 шт,31 230 KZT,5757408,Dulux,Англия,"2,25 л"
Интерьерные краски,Swiss Lake Intense Resistance Plus база А 9 л,Остаток Астана: 2 шт,167 300 KZT,СН000022774-90,Swiss Lake,Россия,9 л
Интерьерные краски,"Краска Milq Kitchen & Gallery Extra Intense база А 0,9 л",Остаток Астана: 2 шт,17 100 KZT,00-00009791-09,Milq,Россия,"0,9 л"
Интерьерные краски,Краска LAQUE MATE в/э мат. база натуральная 10л,Остаток Алматы: 2 шт,285 000 KZT,ALMN10,Argile,Франция,10 л
Интерьерные краски,"Краска в/э матовая влагостойкая база бесцветная 0,75л, Architect Matt , Paint&Paper Library",Остаток Алматы: 2 шт,37 110 KZT,PLAT075,PPL(Paint&Paper Library),Англия,"0,75 л"
Интерьерные краски,"Краска в/э акриловая полуматовая, б. э-темная 2,5л, Architects Satinwood, Paint&Paper Library",Остаток Алматы: 2 шт,96 580 KZT,PLASE25,PPL(Paint&Paper Library),Англия,"2,5 л"
Интерьерные краски,"Акриловая полуматовая краска, ARGILE SATIN COUVRANT, база светлая, 2,5л",Остаток Алматы: 2 шт,60 530 KZT,ASCP25,Argile,Франция,"2,5 л"
Интерьерные краски,"Swiss Lake Intense Resistance Plus база C 0,9 л",Остаток Алматы: 2 шт,26 700 KZT,СН000023327-09,Swiss Lake,Россия,"0,9 л"
Интерьерные краски,"Краска Milq Absolute интерьерная износостойкая, база С 0,9 л",Остаток Астана: 2 шт,25 800 KZT,00-00012990-09,Milq,Россия,"0,9 л"
Интерьерные краски,"Краска Milq Kitchen & Gallery Extra Intense база А 2,7 л",Остаток Астана: 2 шт,35 300 KZT,00-00009791-27,Milq,Россия,"2,7 л"
Интерьерные краски,"Краска в/э акриловая полуматовая, б. темная 0,75л, Architects Satinwood, Paint&Paper Library (100131",Остаток Алматы: 2 шт,43 660 KZT,PLASD075,PPL(Paint&Paper Library),Англия,"0,75 л"
Интерьерные краски,"Swiss Lake Intense Resistance Plus база C 2,7 л",Остаток Алматы: 2 шт,56 600 KZT,СН000023327-27,Swiss Lake,Россия,"2,7 л"
Интерьерные краски,"Краска Сharmant Excellence матовая моющаяся акрил-уретановая  база С 0,9 л",Остаток Астана: 2 шт,36 900 KZT,00-00010122-09,Charmant,Россия,"0,9 л"
Интерьерные краски,"Краска Milq Kitchen & Gallery Extra Intense база С 0,9 л",Остаток Алматы: 2 шт,17 100 KZT,00-00009790-09,Milq,Россия,"0,9 л"
Интерьерные краски,"Краска в/э акриловая полуматовая, б. средняя 2,5л, Architects Satinwood, Paint&Paper Library",Остаток Алматы: 2 шт,96 580 KZT,PLASM25,PPL(Paint&Paper Library),Англия,"2,5 л"
Интерьерные краски,"Краска Сharmant Solid глубокоматовая моющаяся акрил-уретановая  база С 2,7 л",Остаток Алматы: 2 шт,68 600 KZT,00-00010116-27,Charmant,Россия,"2,7 л"
Интерьерные краски,Краска Dulux Professional BINDO 7 матовая BW 9л,Остаток Алматы: 1 шт,39 375 KZT,5302491,Dulux,Англия,9 л
Интерьерные краски,"Краска Dulux Professional BINDO 7 матовая BC 0,9л",Остаток Алматы: 1 шт,7 270 KZT,5309524,Dulux,Англия,"0,9 л"
Интерьерные краски,"Краска Dulux Professional BINDO 7 матовая BC 2,25л",Остаток Алматы: 1 шт,18 290 KZT,5309399,Dulux,Англия,"2,25 л"
Интерьерные краски,"Краска Dulux Professional Diamond Max Protect мат BС 2,25л",Остаток Астана: 1 шт,42 550 KZT,5539701,Dulux,Англия,"2,25 л"
Интерьерные краски,"Краска антивандальная интерьерная KELLY-MOORE DuraPoxy (цвет- neutral base, matte), банка 0,946л",Остаток Алматы: 1 шт,29 000 KZT,1600-555-1Q,KELLY-MOORE,Америка,"0,946 л"
Интерьерные краски,"Краска Dulux Professional BINDO 3 глубокоматовая BW 2,5л",Остаток Астана: 1 шт,15 110 KZT,5309064,Dulux,Англия,"2,5 л"
Интерьерные краски,"Краска в/э матовая Veloute база T412, 0.75л",Остаток Алматы: 1 шт,31 960 KZT,AMVT412075,Argile,Франция,"0,75 л"
Интерьерные краски,"MAESTRO Интерьерная классика BW  2,5",Остаток Алматы: 1 шт,5 630 KZT,5183686,Marshall,Турция,"2,5 л"
Интерьерные краски,"Swiss Lake Wall Comfort 7 база C 0,9 л",Остаток Алматы: 1 шт,24 300 KZT,СН000022746-09,Swiss Lake,Россия,"0,9 л"
Интерьерные краски,"MASTER LUX AQUA 40 BW (белый)  2,5",Остаток Астана: 1 шт,27 910 KZT,5246547,Dulux,Англия,"2,5 л"
Интерьерные краски,Краска LAQUE MATE в/э мат. база светлая 10л,Остаток Алматы: 1 шт,285 000 KZT,ALMP10,Argile,Франция,10 л
Интерьерные краски,Краска в/э матовая Veloute база натуральная 0.75л,Остаток Алматы: 1 шт,36 750 KZT,AMVN075,Argile,Франция,"0,75 л"
Интерьерные краски,"Краска Сharmant Majestic полуматовая акрил-уретановая для влажных помещений  база А 0,9 л",Остаток Алматы: 1 шт,42 000 KZT,00-00010117-09,Charmant,Россия,"0,9 л"
Интерьерные краски,Swiss Lake Краска водно-дисперсионная Matt Pro Swiss Lake база А 9 л,Остаток Алматы: 1 шт,177 700 KZT,00-00008705-90,Swiss Lake,Россия,9 л
Интерьерные краски,"Краска в/э матовая влагостойкая база белая 2,5л, Architect Matt , Paint&Paper Library",Остаток Алматы: 1 шт,69 050 KZT,PLAR25,PPL(Paint&Paper Library),Англия,"2,5 л"
Интерьерные краски,"Краска профессиональная интерьерная KELLY-MOORE Premium Prof (цвет- neutral base, flat), банка0,946л",Остаток Алматы: 1 шт,19 550 KZT,1005-5-1Q,KELLY-MOORE,Америка,"0,946 л"
Интерьерные краски,"Акриловая полуматовая краска, ARGILE SATIN COUVRANT, база светлая, 5л",Остаток Алматы: 1 шт,107 916 KZT,ASCP5,Argile,Франция,5 л
Интерьерные краски,Краска Milq Kitchen & Gallery Extra Intense база А 9 л,Остаток Астана: 1 шт,107 800 KZT,00-00009791-90,Milq,Россия,9 л
Интерьерные краски,"Краска в/э акриловая матовая база бесцветная 0,75л, Pure Flat Emulsion, Paint&Paper Library",Остаток Алматы: 1 шт,36 050 KZT,PLPFT075,PPL(Paint&Paper Library),Англия,"0,75 л"
Интерьерные краски,"Краска LAQUE MATE в/э мат. база натуральная 0,75л",Остаток Алматы: 1 шт,42 070 KZT,ALMN075,Argile,Франция,"0,75 л"
Интерьерные краски,Краска Сharmant Majestic полуматовая акрил-уретановая для влажных помещений  база А 9 л,Остаток Алматы: 1 шт,261 400 KZT,00-00010117-90,Charmant,Россия,9 л
Интерьерные краски,"Краска профессиональная интерьерная KELLY-MOORE Premium Prof (white base, low sheen), банка 3,78л",Остаток Алматы: 1 шт,67 050 KZT,1007-1-1G,KELLY-MOORE,Америка,"3,78 л"
Интерьерные краски,"Краска Сharmant Majestic полуматовая акрил-уретановая для влажных помещений  база А 2,7 л",Остаток Астана: 1 шт,83 600 KZT,00-00010117-27,Charmant,Россия,"2,7 л"
Интерьерные краски,"Краска в/э матовая Veloute база T424, 0.75л",Остаток Алматы: 1 шт,31 960 KZT,AMVT424075,Argile,Франция,"0,75 л"
Интерьерные краски,"Краска Milq Absolute интерьерная износостойкая, база С 2,7 л",Остаток Астана: 1 шт,49 200 KZT,00-00012990-27,Milq,Россия,"2,7 л"
Интерьерные краски,"Краска в/э матовая Veloute база T812, 0.75л",Остаток Алматы: 1 шт,31 960 KZT,AMVT812075,Argile,Франция,"0,75 л"
Интерьерные краски,"Краска в/э матовая Veloute база T142, 0.75л",Остаток Алматы: 1 шт,31 960 KZT,AMVT142075,Argile,Франция,"0,75 л"
Интерьерные краски,"Краска Сharmant Excellence матовая моющаяся акрил-уретановая  база А 2,7 л",Остаток Астана: 1 шт,73 700 KZT,00-00010121-27,Charmant,Россия,"2,7 л"
Интерьерные краски,"Swiss Lake Краска водно-дисперсионная Matt Pro Swiss Lake база C 2,7 л",Остаток Алматы: 1 шт,56 100 KZT,00-00008706-27,Swiss Lake,Россия,"2,7 л"
Интерьерные краски,"Краска в/э матовая Veloute база T133, 0.75л",Остаток Алматы: 1 шт,31 960 KZT,AMVT133075,Argile,Франция,"0,75 л"
Интерьерные краски,"Краска в/э матовая Veloute база T414, 0.75л",Остаток Алматы: 1 шт,31 960 KZT,AMVT414075,Argile,Франция,"0,75 л"
Интерьерные краски,"Краска в/э матовая Veloute база T814, 0.75л",Остаток Алматы: 1 шт,31 960 KZT,AMVT814075,Argile,Франция,"0,75 л"
Интерьерные краски,"Краска Luxium Prof Diamond Ext Matt глуб/мт BC4,5л",Остаток Алматы: 1 шт,72 340 KZT,50034529,LUXIUM,Англия,"4,5 л"
Интерьерные краски,"Краска в/э матовая Veloute база T822, 0.75л",Остаток Алматы: 1 шт,31 960 KZT,AMVT822075,Argile,Франция,"0,75 л"
Интерьерные краски,"Краска Сharmant Sommet акрил-уретановая для стен и потолков  база А 0,9 л",Остаток Алматы: 1 шт,31 700 KZT,00-00010119-09,Charmant,Россия,"0,9 л"
Интерьерные краски,"Swiss Lake Wall Comfort 7 база А 2,7 л",Остаток Алматы: 1 шт,48 000 KZT,СН000022805-27,Swiss Lake,Россия,"2,7 л"
Интерьерные краски,"Swiss Lake Wall Comfort 7 база C 2,7 л",Остаток Алматы: 1 шт,48 000 KZT,СН000022746-27,Swiss Lake,Россия,"2,7 л"
Защитные составы,WOODEX AQUA WOOD OIL CLEAR пропитывающее средство для древесины 9,Остаток Алматы: 4 шт,74 580 KZT,9482003010,Teknos,Финляндия,9 л
Защитные составы,WOODEX AQUA CLASSIC CLEAR лессирующее средство для древесины  9,Остаток Алматы: 3 шт,70 300 KZT,9422003010,Teknos,Финляндия,9 л
Защитные составы,"WOODEX AQUA CLASSIC CLEAR лессирующее средство для древесины  0,9",Остаток Алматы: 3 шт,9 200 KZT,9422003001,Teknos,Финляндия,"0,9 л"
Защитные составы,Добавка DECORGLITTER ORO     GR.90,Остаток Алматы: 3 шт,6 700 KZT,IDEG0oR00N,Oikos,Италия,90 мл
Защитные составы,"SATU SAUNASUOJA  в/р желеобразное защитное средство для сауны 0,9",Остаток Алматы: 3 шт,7 920 KZT,790000001,Teknos,Финляндия,"0,9 л"
Защитные составы,"WOODEX AQUA CLASSIC CLEAR лессирующее средство для древесины  2,7",Остаток Алматы: 2 шт,25 840 KZT,9422003003,Teknos,Финляндия,"2,7 л"
Защитные составы,"WOODEX AQUA WOOD OIL CLEAR пропитывающее средство для древесины 0,9",Остаток Алматы: 2 шт,8 510 KZT,9482003001,Teknos,Финляндия,"0,9 л"
Защитные составы,"Добавка глиттер  PAILLETTES  OR, 0,03 л",Остаток Алматы: 1 шт,10 115 KZT,MD PLT-OR-030,Maitre Deco,Франция,"0,03 л"
Защитные составы,"WOODEX CLASSIC CLEAR лессирующее средство для древесины  2,7",Остаток Алматы: 1 шт,27 550 KZT,9443003003,Teknos,Финляндия,"2,7 л"
Защитные составы,"Декоративный воск FINITURA MADREPER. ORO  LT.0,5",Остаток Алматы: 1 шт,63 400 KZT,FF2000o00V,Oikos,Италия,"0,5 л"
Защитные составы,Матирующая добавка OPAC              LT. 1,Остаток Алматы: 1 шт,27 600 KZT,OISOPA000E,Oikos,Италия,1 л
Защитные составы,"WOODEX AQUA WOOD OIL CLEAR пропитывающее средство для древесины 2,7",Остаток Алматы: 1 шт,22 900 KZT,9482003003,Teknos,Финляндия,"2,7 л"
Декоративная лепнина,"PX103 молдинг Дюрополимер 200 x 2,464 x 1,23",Остаток Алматы: 65 шт,2 050 KZT,PX103,ORAC Decor,Бельгия,Не указан
Декоративная лепнина,"PX175 молдинг Дюрополимер 200 x 5 x 1,7",Остаток Алматы: 54 шт,4 150 KZT,PX175,ORAC Decor,Бельгия,Не указан
Декоративная лепнина,"PX201 молдинг Дюрополимер 200 x 2,5 x 9",Остаток Алматы: 53 шт,2 550 KZT,PX201,ORAC Decor,Бельгия,Не указан
Декоративная лепнина,"CX106 карниз Дюрополимер 200 x 11,8 x 11,7",Остаток Алматы: 37 шт,14 250 KZT,CX106,ORAC Decor,Бельгия,Не указан
Декоративная лепнина,"CX126 карниз Дюрополимер 200 x 8,7 x 8,7",Остаток Алматы: 28 шт,11 500 KZT,CX126,ORAC Decor,Бельгия,Не указан
Декоративная лепнина,"PX117 молдинг Дюрополимер 200 x 3,463 x 1,472",Остаток Алматы: 24 шт,4 300 KZT,PX117,ORAC Decor,Бельгия,Не указан
Декоративная лепнина,Монтажный клей ORAC DECOFIX PRO FDP550 310 мл,Остаток Алматы: 13 шт,4 850 KZT,FDP550,ORAC Decor,Бельгия,310 мл
Декоративная лепнина,"SX138 плинтус  200 x 13,8 x 1,5",Остаток Алматы: 13 шт,13 300 KZT,SX138,ORAC Decor,Бельгия,Не указан
Декоративная лепнина,Монтажный клей ORAC DECOFIX POWER FDP700 290 мл,Остаток Алматы: 11 шт,12 000 KZT,FDP700,ORAC Decor,Бельгия,Не указан
Декоративная лепнина,SX207 плинтус,Остаток Алматы: 11 шт,26 200 KZT,SX207,ORAC Decor,Бельгия,Не указан
Декоративная лепнина,"SX173 плинтус  200 x 10 x 1,6",Остаток Алматы: 1 шт,8 000 KZT,SX173,ORAC Decor,Бельгия,Не указан
Декоративная лепнина,FL350 ORAC шпатлевка 310 ml,Остаток Алматы: 8 шт,5 550 KZT,FL350,ORAC Decor,Бельгия,310 мл
Декоративная лепнина,"SX183 плинтус Дюрополимер 200 х 7,5 х 1,3",Остаток Алматы: 6 шт,6 200 KZT,SX183,ORAC Decor,Бельгия,Не указан
Декоративная лепнина,W111 декоративная панель 200 х 25 х 2,Остаток Алматы: 6 шт,48 900 KZT,W111,ORAC Decor,Бельгия,Не указан
Декоративная лепнина,SX194 плинтус гибкий  200 x 1 x 2,Остаток Алматы: 5 шт,14 000 KZT,SX194F,ORAC Decor,Бельгия,Не указан
Декоративная лепнина,"CX127 карниз Дюрополимер 200 x 9,4 x 9,4",Остаток Алматы: 5 шт,12 800 KZT,CX127,ORAC Decor,Бельгия,Не указан
Декоративная лепнина,SX194 плинтус  200 x 1 x 2,Остаток Алматы: 4 шт,2 550 KZT,SX194,ORAC Decor,Бельгия,Не указан
Декоративная лепнина,"C307 карниз полиуретан 200 x 19,5 x 19,5",Остаток Алматы: 4 шт,56 800 KZT,C307,ORAC Decor,Бельгия,Не указан
Декоративная лепнина,Стыковочный клей ORAC DECOFIX EXTRA FX250 310 мл,Остаток Алматы: 3 шт,15 400 KZT,FX250 (310 мл),ORAC Decor,Бельгия,310 мл
Декоративная лепнина,"SX184 плинтус Дюрополимер 200 х 11 х 1,3",Остаток Алматы: 3 шт,8 000 KZT,SX184,ORAC Decor,Бельгия,Не указан
Декоративная лепнина,"W109 декоративная панель 200 х 25 х 1,3",Остаток Алматы: 3 шт,43 700 KZT,W109,ORAC Decor,Бельгия,Не указан
Декоративная лепнина,Монтажный клей ORAC DECOFIX PRO FDP500 310 мл,Остаток Алматы: 2 шт,5 100 KZT,FDP500,ORAC Decor,Бельгия,Не указан
Декоративная лепнина,"SX163 плинтус Дюрополимер 200 х 10,2 х 1,3",Остаток Алматы: 2 шт,8 000 KZT,SX163,ORAC Decor,Бельгия,Не указан
Декоративная лепнина,"SX182 плинтус Дюрополимер 200 х 5 х 1,3",Остаток Алматы: 2 шт,5 700 KZT,SX182,ORAC Decor,Бельгия,Не указан
Декоративная лепнина,WX210F ORAC Wдекоративная панель,Остаток Алматы: 2 шт,66 750 KZT,WX210F,ORAC Decor,Бельгия,Не указан
Декоративная лепнина,W214 декоративная панель,Остаток Алматы: 1 шт,78 000 KZT,W214,ORAC Decor,Бельгия,Не указан
Декоративная лепнина,PX209 молдинг Дюрополимер,Остаток Алматы: 1 шт,2 750 KZT,PX209,ORAC Decor,Бельгия,Не указан
Декоративная лепнина,"R17  Потолочная розетка Диаметр 47 см (Высота: 3,5 см)",Остаток Алматы: 1 шт,36 100 KZT,R17,ORAC Decor,Бельгия,Не указан
Декоративная лепнина,W216 декоративная панель,Остаток Алматы: 1 шт,55 700 KZT,W216,ORAC Decor,Бельгия,Не указан
Декоративная лепнина,"SX182F плинтус гибкий Дюрополимер 200 х 5 х 1,3",Остаток Алматы: 1 шт,26 500 KZT,SX182F,ORAC Decor,Бельгия,Не указан
Декоративная лепнина,"W108 декоративная панель 200 х 25 х 1,8",Остаток Алматы: 1 шт,43 800 KZT,W108,ORAC Decor,Бельгия,Не указан
Декоративная лепнина,"C334 карниз полиуретан 200 x 15 x 19,6",Остаток Алматы: 1 шт,42 000 KZT,C334,ORAC Decor,Бельгия,Не указан
Грунтовки,Dufa Грунт TIEFGRUND RD314 LF  5л,Остаток Алматы: 100 шт,6 640 KZT,Н0000000018,DUFA,Германия,5 л
Грунтовки,Грунт-эмаль Marshall ANTICORR AQUA полуглянцевая BW 9л,Остаток Алматы: 43 шт,78 880 KZT,5316073,Marshall,Турция,9 л
Грунтовки,Export base грунтовка универсальная  10,Остаток Алматы: 31 шт,15 720 KZT,5195021,Marshall,Турция,10 л
Грунтовки,Грунт CRILUX   LT. 1,Остаток Алматы: 18 шт,19 300 KZT,OISCRI000E,Oikos,Италия,1 л
Грунтовки,"Грунт универсальный акриловый KELLY-MOORE General Purpose (цвет- white, satin), банка 0,946л",Остаток Алматы: 16 шт,22 250 KZT,200-100-1Q,KELLY-MOORE,Америка,"0,946 л"
Грунтовки,"Грунт-эмаль ANTICORR AQUA BW 0,5л",Остаток Алматы: 11 шт,6 370 KZT,5255605,Marshall,Турция,"0,5 л"
Грунтовки,"Грунтовка Architects All Surface Primer, белая база 0,75л, Paint&Paper Library",Остаток Алматы: 12 шт,33 000 KZT,PLASP075,PPL(Paint&Paper Library),Англия,"0,75 л"
Грунтовки,Грунт-эмаль ANTICORR AQUA BW 2л,Остаток Астана: 10 шт,20 600 KZT,5255646,Marshall,Турция,2 л
Грунтовки,"Dufa HOME Special Primer   0,9л",Остаток Алматы: 7 шт,10 620 KZT,МП00-012382,DUFA,Германия,"0,9 л"
Грунтовки,Грунтовка универсальная Bindo base   9,Остаток Алматы: 6 шт,21 780 KZT,5360774,Dulux,Англия,9 л
Грунтовки,"Dufa HOME Special Primer   2,5л",Остаток Алматы: 4 шт,26 910 KZT,МП00-012383,DUFA,Германия,"2,5 л"
Грунтовки,"Грунт универсальный акриловый KELLY-MOORE General Purpose (цвет: white, satin), банка 3,78л",Остаток Алматы: 7 шт,64 250 KZT,200-100-1G,KELLY-MOORE,Америка,"3,78 л"
Грунтовки,Грунтовка акриловая Argile 10л,Остаток Алматы: 4 шт,179 740 KZT,ASP10,Argile,Франция,10 л
Грунтовки,"Кварцевая грунт-краска BASE QUARTZ, 1 л",Остаток Алматы: 4 шт,8 814 KZT,MD BQ-015,Maitre Deco,Франция,1 л
Грунтовки,"Грунт-эмаль ANTICORR AQUA BC 0,5 л",Остаток Астана: 4 шт,5 650 KZT,5255647,Marshall,Турция,"0,5 л"
Грунтовки,Dufa HOME Special Primer   9л,Остаток Алматы: 2 шт,89 650 KZT,МП00-012384,DUFA,Германия,9 л
Грунтовки,Грунт IL PRIMER   LT. 4,Остаток Алматы: 3 шт,85 200 KZT,OISPRI000D,Oikos,Италия,4 л
Грунтовки,Грунт FLEXIGRAP P/BIANCO    LT. 1,Остаток Алматы: 1 шт,16 600 KZT,TF0000000E,Oikos,Италия,1 л
Грунтовки,"Грунт AMORCE, 5 л",Остаток Алматы: 2 шт,10 396 KZT,MD AM-05,Maitre Deco,Франция,5 л
Грунтовки,MAESTRO фасадная грунтовка 10л  10,Остаток Астана: 2 шт,14 760 KZT,5183681,Marshall,Турция,10 л
Грунтовки,"Грунтовка Architects All Surface Primer, э-темная база 0,75л, Paint&Paper Library",Остаток Алматы: 2 шт,33 000 KZT,PLASPE075,PPL(Paint&Paper Library),Англия,"0,75 л"
Грунтовки,Грунт Milq Uni-primer 2 in 1 10 л,Остаток Астана: 2 шт,40 200 KZT,00-00009792-10,Milq,Россия,10 л
Грунтовки,"Грунт-краска Сharmant Fond акрил-уретановая 2,7 л",Остаток Алматы: 1 шт,49 500 KZT,00-00010124-27,Charmant,Россия,"2,7 л"
Грунтовки,"Грунтовка Architects All Surface Primer, э-темная база 2,5л, Paint&Paper Library",Остаток Алматы: 2 шт,69 050 KZT,PLASPE25,PPL(Paint&Paper Library),Англия,"2,5 л"
Грунтовки,Грунт IL PRIMER  LT. 1,Остаток Астана: 1 шт,27 300 KZT,OISPRI000E,Oikos,Италия,1 л
Грунтовки,Грунтовка  Сharmant Stable акрил-уретановая глубокого проникновения 9 л,Остаток Алматы: 1 шт,107 000 KZT,00-00010123-90,Charmant,Россия,9 л
Грунтовки,Грунт Milq Uni-primer 2 in 1 3 л,Остаток Астана: 1 шт,13 700 KZT,00-00009792-30,Milq,Россия,3 л
Грунтовки,"Грунт FLEXIGRAP LISCIO B.CO LT. 1,",Остаток Алматы: 1 шт,16 600 KZT,TF0L00000E,Oikos,Италия,1 л
Грунтовки,"Грунтовка  Сharmant Stable акрил-уретановая глубокого проникновения 2,7 л",Остаток Астана: 1 шт,34 500 KZT,00-00010123-27,Charmant,Россия,"2,7 л"
Антисептики,WOODEX AQUA CLASSIC CLEAR лессирующее средство для древесины  9,Остаток Алматы: 3 шт,70 300 KZT,9422003010,Teknos,Финляндия,9 л
Антисептики,"WOODEX AQUA CLASSIC CLEAR лессирующее средство для древесины  0,9",Остаток Алматы: 3 шт,9 200 KZT,9422003001,Teknos,Финляндия,"0,9 л"
Антисептики,"WOODEX AQUA CLASSIC CLEAR лессирующее средство для древесины  2,7",Остаток Алматы: 2 шт,25 840 KZT,9422003003,Teknos,Финляндия,"2,7 л"
Антисептики,"WOODEX CLASSIC CLEAR лессирующее средство для древесины  2,7",Остаток Алматы: 1 шт,27 550 KZT,9443003003,Teknos,Финляндия,"2,7 л"
